{"stats":{"minecraft:used":{"iceandfire:lectern":16,"minecraft:writable_book":1,"iceandfire:dragonforge_fire_input":1,"iceandfire:dread_stone_stairs":1,"minecraft:dispenser":2,"iceandfire:dragon_skull_ice":4,"minecraft:deepslate_brick_slab":21,"minecraft:snowball":2,"minecraft:jungle_sapling":12,"minecraft:lava_bucket":74,"iceandfire:crackled_gravel":1,"etched:etching_table":4,"minecraft:dark_oak_slab":880,"tconstruct:seared_casting_tank":1,"biomesoplenty:jacaranda_sapling":7,"minecraft:bow":476,"minecraft:oak_sapling":7,"minecraft:acacia_fence":2,"iceandfire:frozen_cobblestone":6,"minecraft:dark_prismarine_stairs":1,"minecraft:mossy_stone_bricks":1,"minecraft:damaged_anvil":1,"minecraft:blackstone":81,"minecraft:wooden_pickaxe":36,"iceandfire:dread_stone_bricks":62,"minecraft:composter":5,"minecraft:golden_apple":9,"minecraft:blast_furnace":3,"biomesoplenty:jacaranda_planks":88,"minecraft:birch_slab":33,"iceandfire:lightning_dragon_flesh":1,"alexscaves:sundrop":3,"biomesoplenty:fir_stairs":51,"iceandfire:myrmex_resin_jungle":1,"iceandfire:chared_cobblestone":4,"globalxp:xp_block":1,"minecraft:smithing_table":5,"another_furniture:purple_lamp":4,"minecraft:birch_log":2,"travelersbackpack:sandstone":1,"minecraft:oak_boat":2,"minecraft:oak_trapdoor":2,"alexscaves:green_soylent":7,"minecraft:enchanting_table":1,"iceandfire:dragonforge_ice_brick":19,"minecraft:carved_pumpkin":5,"alexscaves:abyssal_altar":1,"minecraft:cooked_salmon":50,"minecraft:torch":601,"minecraft:brewing_stand":1,"betterarcheology:archeology_table":2,"iceandfire:dragonegg_sapphire":1,"biomesoplenty:jacaranda_slab":15,"another_furniture:jungle_chair":5,"alexscaves:block_of_chocolate":4,"minecraft:chipped_anvil":1,"minecraft:iron_block":172,"iceandfire:dragon_ice":2,"minecraft:barrel":15,"minecraft:bamboo":17,"minecraft:basalt":42,"iceandfire:dragonegg_gray":1,"waystones:white_sharestone":19,"minecraft:calcite":3,"minecraft:birch_planks":1307,"minecraft:leather_boots":1,"minecraft:cherry_planks":39,"minecraft:deepslate_bricks":69,"alexscaves:primitive_club":8,"minecraft:rail":19,"biomesoplenty:fir_slab":22,"travelersbackpack:chicken":2,"minecraft:white_bed":15,"minecraft:spruce_log":87,"minecraft:amethyst_cluster":2,"minecraft:diamond_pickaxe":4408,"minecraft:diamond_shovel":2688,"alexscaves:extinction_spear":12,"iceandfire:dragon_horn":62,"minecraft:oak_button":73,"minecraft:leather_helmet":1,"minecraft:spruce_trapdoor":24,"minecraft:purple_bed":2,"minecraft:cooked_porkchop":9,"betterarcheology:villager_fossil":2,"minecraft:stripped_oak_log":2,"biomesoplenty:fir_log":889,"minecraft:diamond_leggings":1,"iceandfire:dread_stone_bricks_cracked":36,"minecraft:green_stained_glass":5,"minecraft:cherry_sapling":14,"iceandfire:ghost_sword":1571,"minecraft:bone_block":20,"minecraft:decorated_pot":1,"minecraft:creeper_head":2,"biomesoplenty:fir_button":28,"minecraft:green_terracotta":45,"minecraft:mutton":5,"minecraft:jungle_planks":28,"alexscaves:glow_ink_bomb":1,"minecraft:obsidian":14,"iceandfire:dread_torch":2,"biomesoplenty:fir_sapling":29,"minecraft:lantern":71,"minecraft:item_frame":94,"minecraft:jungle_button":2,"minecraft:gold_block":165,"iceandfire:dragonegg_copper":2,"minecraft:dark_oak_sapling":12,"betterarcheology:diamond_brush":41,"minecraft:diamond_boots":2,"minecraft:stone_pickaxe":671,"minecraft:jungle_fence":17,"minecraft:oak_planks":76,"minecraft:sandstone":5,"minecraft:sugar_cane":14,"minecraft:diamond_axe":3131,"minecraft:white_wool":7,"minecraft:golden_hoe":19,"etched:album_jukebox":4,"minecraft:ochre_froglight":45,"waystones:waystone":15,"minecraft:lever":2,"biomesoplenty:umbran_planks":1077,"alexscaves:rusty_scrap_metal_plate":1,"minecraft:bread":179,"iceandfire:ice_dragon_flesh":1,"alexscaves:candy_cane":3,"iceandfire:dragon_skull_fire":7,"minecraft:chain":7,"minecraft:smooth_stone_slab":11,"minecraft:coarse_dirt":35,"minecraft:bone_meal":640,"minecraft:flint_and_steel":4,"farmersdelight:rich_soil":9,"minecraft:cooked_chicken":520,"minecraft:dirt":1765,"alexscaves:diving_helmet":5,"minecraft:spruce_fence":3,"farmersdelight:rope":6,"minecraft:iron_hoe":92,"alexscaves:limestone_spear":2,"minecraft:wooden_axe":41,"iceandfire:dragonforge_fire_core_disabled":2,"iceandfire:dragon_bone_wall":1,"minecraft:oak_stairs":11,"iceandfire:dragonforge_lightning_brick":19,"betterarcheology:guardian_fossil":1,"biomesoplenty:dead_slab":6,"another_furniture:purple_sofa":5,"iceandfire:dragonforge_fire_brick":21,"alexscaves:nuclear_furnace_component":8,"travelersbackpack:sponge":3,"minecraft:cooked_beef":27,"minecraft:pumpkin":3,"biomesoplenty:black_sand":2,"alexscaves:dinosaur_nugget":36,"minecraft:cobblestone_stairs":17,"minecraft:baked_potato":2,"iceandfire:dread_stone_bricks_mossy":15,"tconstruct:seared_basin":3,"betterarcheology:villager_fossil_body":9,"farmersdelight:smoked_ham":15,"minecraft:flower_pot":10,"minecraft:stone_slab":2,"iceandfire:ash":5,"another_furniture:spruce_drawer":6,"minecraft:stone_axe":132,"alexscaves:cake_layer":61,"tconstruct:sky_slime_crystal_block":4,"minecraft:pumpkin_pie":20,"minecraft:spruce_slab":202,"minecraft:chest":118,"minecraft:green_banner":1,"iceandfire:dragonsteel_lightning_helmet":6,"travelersbackpack:emerald":1,"iceandfire:dragonegg_electric":3,"minecraft:grass_block":38,"minecraft:birch_sapling":4,"minecraft:stone_brick_stairs":14,"minecraft:rabbit_stew":4,"minecraft:dark_oak_boat":1,"minecraft:sweet_berries":3,"minecraft:furnace":2,"biomesoplenty:fir_trapdoor":1,"iceandfire:dread_stone_slab":3,"minecraft:egg":1,"minecraft:potato":1,"biomesoplenty:umbran_stairs":4,"minecraft:powered_rail":8,"biomesoplenty:rainbow_birch_sapling":68,"minecraft:sand":87,"another_furniture:spruce_shutter":19,"alexscaves:serene_salad":1,"iceandfire:dragonforge_ice_input":1,"minecraft:lightning_rod":5,"minecraft:cyan_carpet":51,"minecraft:lectern":104,"alexscaves:nuclear_siren":1,"minecraft:cherry_sign":46,"minecraft:lilac":2,"minecraft:soul_lantern":3,"minecraft:magenta_stained_glass_pane":28,"iceandfire:dragonforge_lightning_input":1,"iceandfire:dragon_bone_block":32,"iceandfire:dragonforge_ice_core_disabled":1,"minecraft:iron_bars":2,"minecraft:stone_sword":81,"minecraft:netherrack":60,"minecraft:orange_bed":4,"minecraft:anvil":8,"minecraft:nether_brick_slab":2,"iceandfire:dragonegg_amythest":1,"alexscaves:geothermal_vent":1,"minecraft:goat_horn":1,"minecraft:oxidized_copper":2,"minecraft:beef":20,"minecraft:cobbled_deepslate":386,"minecraft:water_bucket":45,"minecraft:nether_brick_wall":1,"minecraft:cartography_table":2,"betterarcheology:rotten_door":1,"minecraft:fletching_table":2,"iceandfire:dragon_skull_lightning":8,"minecraft:cracked_stone_bricks":14,"minecraft:polished_blackstone_bricks":24,"minecraft:salmon":4,"minecraft:mossy_cobblestone":5,"minecraft:lime_terracotta":29,"minecraft:crafting_table":33,"minecraft:oak_slab":23,"minecraft:cod":18,"minecraft:oak_log":32,"minecraft:dark_prismarine":1,"minecraft:light":29,"minecraft:oxeye_daisy":1,"travelersbackpack:creeper":1,"tconstruct:seared_table":2,"minecraft:iron_pickaxe":1512,"another_furniture:spruce_flower_box":11,"minecraft:chiseled_stone_bricks":1,"iceandfire:dragonsteel_ice_shovel":3667,"iceandfire:crackled_cobblestone":4,"minecraft:cobblestone":1234,"tconstruct:seared_melter":4,"travelersbackpack:standard":1,"biomesoplenty:dead_button":9,"minecraft:glass_pane":92,"alexscaves:radrock":230,"iceandfire:tide_trident":158,"minecraft:iron_shovel":2548,"minecraft:oak_sign":30,"minecraft:iron_sword":167,"minecraft:oxidized_cut_copper":2,"alexscaves:flood_basalt":12,"minecraft:carrot":97,"iceandfire:frozen_stone":16,"minecraft:tuff":33,"minecraft:axolotl_bucket":1,"minecraft:glass":29,"minecraft:packed_mud":3,"tconstruct:battlesign":35,"iceandfire:dragonsteel_fire_sword":597,"minecraft:stone_bricks":101,"another_furniture:white_tall_stool":2,"minecraft:magma_block":4,"minecraft:gray_bed":2,"betterarcheology:villager_fossil_head":15,"alexscaves:depth_glass":29,"betterarcheology:creeper_fossil_head":6,"travelersbackpack:iron_golem":4,"biomesoplenty:fir_planks":136,"alexscaves:cave_book":22,"minecraft:sponge":3,"minecraft:note_block":5,"minecraft:black_bed":2,"minecraft:cobbled_deepslate_stairs":1,"minecraft:shears":2,"minecraft:redstone_torch":2,"iceandfire:dragonforge_lightning_core_disabled":1,"minecraft:gravel":62,"biomesoplenty:umbran_slab":238,"minecraft:grindstone":3,"minecraft:oak_fence":1,"minecraft:spruce_planks":8,"another_furniture:white_stool":1,"simpletomb:grave_key":83,"minecraft:hopper":9,"iceandfire:dragonsteel_ice_pickaxe":3186,"another_furniture:purple_stool":13,"minecraft:cobblestone_wall":1,"minecraft:granite":5,"biomesoplenty:black_sandstone":43,"minecraft:dark_oak_planks":51,"minecraft:stone_brick_slab":17,"minecraft:bookshelf":48,"another_furniture:spruce_shelf":17,"alexscaves:submarine":1,"alexscaves:spelunkery_table":2,"minecraft:golden_carrot":129,"minecraft:emerald_block":165,"waystones:warp_plate":8,"minecraft:brown_candle":1,"biomesoplenty:redwood_slab":7,"minecraft:brown_bed":1,"minecraft:cooked_mutton":25,"another_furniture:cyan_lamp":3,"tconstruct:modifier_worktable":2,"iceandfire:fire_dragon_flesh":7,"alexscaves:sweetish_fish_yellow":2,"farmersdelight:onion":10,"minecraft:painting":116,"minecraft:smoker":2,"alexscaves:pewen_planks":23,"biomesoplenty:jacaranda_trapdoor":4,"iceandfire:dragonegg_black":3,"minecraft:apple":47,"minecraft:cracked_polished_blackstone_bricks":4,"iceandfire:dragonbone_bow":137,"iceandfire:graveyard_soil":6,"minecraft:cracked_nether_bricks":1,"alexscaves:abyssmarine_pillar":2,"biomesoplenty:umbran_button":1,"minecraft:fishing_rod":145,"minecraft:bucket":129,"minecraft:yellow_bed":4,"minecraft:purple_carpet":40,"another_furniture:spruce_table":18,"minecraft:smooth_stone":266,"minecraft:splash_potion":1},"minecraft:dropped":{"iceandfire:chared_stone":56,"minecraft:iron_sword":4,"minecraft:lapis_lazuli":7,"minecraft:glow_ink_sac":5,"minecraft:glass_bottle":1,"minecraft:crafting_table":1,"minecraft:lime_stained_glass":29,"minecraft:dark_oak_slab":147,"minecraft:glow_berries":3,"biomesoplenty:black_sand":23,"iceandfire:ectoplasm":1,"minecraft:cracked_stone_bricks":99,"minecraft:sheaf_pottery_sherd":4,"minecraft:blackstone_stairs":1,"minecraft:red_mushroom":1,"minecraft:emerald":172,"biomesoplenty:redwood_log":3,"alexscaves:abyssmarine":19,"iceandfire:dragon_horn":2,"minecraft:gold_nugget":32,"minecraft:sand":1799,"minecraft:dark_oak_planks":1,"minecraft:fishing_rod":2,"minecraft:stone_axe":15,"minecraft:iron_nugget":45,"minecraft:cobbled_deepslate":151,"alexscaves:cave_tablet":1,"minecraft:wheat":119,"farmersdelight:cabbage":18,"minecraft:rotten_flesh":283,"minecraft:oak_planks":166,"minecraft:azure_bluet":1,"iceandfire:crackled_gravel":3,"alexscaves:smooth_limestone":6,"minecraft:jungle_log":141,"minecraft:leather_boots":9,"iceandfire:crackled_cobblestone":9,"iceandfire:bestiary":1,"iceandfire:dragon_meal":54,"minecraft:leather_leggings":16,"minecraft:glass":148,"minecraft:beef":2,"minecraft:stone_brick_stairs":6,"biomesoplenty:tall_lavender":2,"minecraft:green_stained_glass":67,"iceandfire:manuscript":2769,"tconstruct:dagger":4,"minecraft:golden_boots":20,"minecraft:wheat_seeds":163,"alexscaves:game_controller":1,"minecraft:oxidized_cut_copper":1,"alexscaves:limestone_spear":4,"minecraft:book":18,"iceandfire:dragon_stick":2,"biomesoplenty:jacaranda_log":14,"minecraft:lava_bucket":4,"minecraft:cobweb":1,"minecraft:blackstone_wall":1,"biomesoplenty:brimstone":20,"minecraft:wooden_axe":3,"minecraft:cherry_planks":1,"minecraft:potion":5,"minecraft:pumpkin":1,"minecraft:white_banner":1,"alexscaves:primitive_club":4,"minecraft:mud":1,"minecraft:smooth_stone":5,"minecraft:chainmail_leggings":11,"iceandfire:frozen_cobblestone":11,"minecraft:stone_brick_slab":3,"minecraft:soul_soil":4,"minecraft:green_terracotta":8,"minecraft:sticky_piston":1,"minecraft:orange_concrete":3,"tconstruct:earth_slime_dirt":12,"iceandfire:dragonsteel_ice_shovel":1,"biomesoplenty:redwood_planks":96,"minecraft:iron_boots":20,"alexscaves:cave_codex":10,"minecraft:white_terracotta":32,"minecraft:oak_sign":1,"minecraft:suspicious_stew":3,"minecraft:diamond_sword":1,"minecraft:flower_pot":1,"alexscaves:archaic_vine":13,"alexscaves:heavy_bone":9,"minecraft:spruce_planks":83,"minecraft:peony":2,"minecraft:diamond_pickaxe":1,"minecraft:stone_bricks":56,"minecraft:barrel":3,"minecraft:sandstone":31,"minecraft:bow":125,"iceandfire:crackled_stone":15,"minecraft:magma_block":1,"iceandfire:dragon_skull_lightning":18,"minecraft:terracotta":1,"betterarcheology:rotten_planks":60,"minecraft:moss_block":2,"minecraft:oak_log":3,"minecraft:jungle_fence":5,"minecraft:lime_terracotta":35,"minecraft:prismarine_brick_stairs":1,"biomesoplenty:black_sandstone":16,"minecraft:birch_slab":294,"minecraft:cobblestone_stairs":16,"iceandfire:armor_copper_leggings":1,"alexscaves:rusty_scrap_metal":1,"minecraft:cracked_polished_blackstone_bricks":59,"minecraft:dark_oak_log":151,"minecraft:packed_ice":10,"minecraft:snowball":5,"farmersdelight:onion":15,"alexscaves:cave_map":6,"iceandfire:ash":50,"minecraft:prize_pottery_sherd":1,"alexscaves:cinder_block_wall":1,"iceandfire:dragon_ice_spikes":308,"alexscaves:pewen_sapling":6,"biomesoplenty:redwood_sapling":31,"alexscaves:radrock":39,"minecraft:beetroot":10,"iceandfire:frozen_stone":22,"alexscaves:pewen_wood":1,"minecraft:leather_chestplate":7,"alexscaves:pearl":20,"minecraft:beetroot_seeds":13,"iceandfire:pixie_dust":3,"etched:album_cover":1,"minecraft:iron_bars":96,"alexscaves:primordial_helmet":1,"minecraft:cracked_nether_bricks":1,"biomesoplenty:mahogany_log":4,"biomesoplenty:jacaranda_sapling":667,"minecraft:golden_helmet":12,"minecraft:cherry_log":25,"minecraft:lilac":17,"minecraft:golden_axe":2,"crittersandcompanions:dragonfly_wing":1,"minecraft:acacia_log":1,"biomesoplenty:fir_slab":4,"iceandfire:armor_copper_boots":1,"minecraft:repeater":6,"minecraft:nether_wart_block":7,"minecraft:polished_andesite_stairs":1,"minecraft:tripwire_hook":1,"farmersdelight:rotten_tomato":2,"minecraft:kelp":14,"minecraft:sweet_berries":1,"betterarcheology:artifact_shards":1,"farmersdelight:cabbage_seeds":32,"minecraft:flint_and_steel":1,"minecraft:deepslate_bricks":21,"minecraft:mud_bricks":188,"biomesoplenty:fir_planks":97,"iceandfire:chared_cobblestone":42,"minecraft:golden_leggings":8,"minecraft:oak_sapling":8,"minecraft:spruce_log":380,"minecraft:wooden_pickaxe":3,"iceandfire:raw_silver":24,"minecraft:piston":1,"minecraft:crossbow":23,"minecraft:cookie":180,"minecraft:brewer_pottery_sherd":6,"minecraft:leather_helmet":9,"minecraft:packed_mud":22,"minecraft:dirt":1814,"iceandfire:dread_sword":2,"minecraft:chain":109,"minecraft:bone_meal":1,"biomesoplenty:wilted_lily":11,"minecraft:iron_pickaxe":2,"minecraft:bone":13,"minecraft:oak_door":3,"minecraft:pink_concrete":1,"tconstruct:pickaxe":4,"minecraft:golden_chestplate":12,"minecraft:nether_brick":23,"biomesoplenty:jacaranda_wood":6,"minecraft:deepslate_brick_slab":15,"alexscaves:abyssmarine_bricks":2,"minecraft:salmon":2,"iceandfire:ghost_chest":6,"tconstruct:pickadze":4,"minecraft:charcoal":5,"biomesoplenty:wildflower":2,"alexscaves:pewen_door":1,"minecraft:ladder":1,"farmersdelight:rope":16,"minecraft:egg":1,"minecraft:enchanted_book":4,"minecraft:iron_ingot":800,"minecraft:cobbled_deepslate_stairs":1,"simpletomb:grave_key":5,"minecraft:waxed_oxidized_cut_copper_stairs":2,"minecraft:oak_fence":1,"biomesoplenty:redwood_slab":185,"biomesoplenty:lavender":36,"minecraft:cobblestone":536,"minecraft:iron_helmet":12,"minecraft:dark_prismarine_slab":3,"tconstruct:scorched_brick":32,"minecraft:apple":3,"minecraft:granite":15,"minecraft:chainmail_helmet":4,"minecraft:coal":63,"minecraft:pufferfish":1,"minecraft:polished_blackstone_stairs":5,"minecraft:polished_andesite":2,"minecraft:jungle_slab":240,"minecraft:iron_trapdoor":1,"minecraft:golden_carrot":1,"iceandfire:copper_nugget":228,"minecraft:diamond_helmet":1,"minecraft:dried_kelp":11,"minecraft:paper":11,"minecraft:iron_shovel":3,"minecraft:string":22,"minecraft:oxidized_copper":1,"iceandfire:dragon_skull_fire":12,"minecraft:spruce_sapling":178,"waystones:attuned_shard":4,"iceandfire:silver_nugget":6,"biomesoplenty:dried_salt":426,"minecraft:moss_carpet":1,"minecraft:stone_sword":4,"minecraft:smooth_stone_slab":1,"minecraft:stone_slab":3,"iceandfire:dragon_skull_ice":6,"etched:music_label":112,"minecraft:nether_bricks":18,"minecraft:pumpkin_seeds":4,"crittersandcompanions:silk":3,"minecraft:potato":46,"minecraft:cobblestone_slab":3,"minecraft:allium":26,"iceandfire:dragonbone_arrow":8,"minecraft:spider_eye":17,"minecraft:rabbit_stew":10,"minecraft:dark_prismarine":4,"farmersdelight:tomato":35,"minecraft:black_wool":1,"biomesoplenty:umbran_planks":129,"minecraft:birch_planks":158,"minecraft:diamond_axe":1,"iceandfire:fire_dragon_flesh":102,"minecraft:lantern":1,"biomesoplenty:rose_quartz_chunk":1,"iceandfire:graveyard_soil":5,"minecraft:flint":5,"minecraft:dispenser":8,"iceandfire:armor_copper_chestplate":1,"minecraft:cornflower":1,"biomesoplenty:jacaranda_leaves":718,"minecraft:gilded_blackstone":12,"iceandfire:armor_copper_helmet":1,"minecraft:polished_blackstone_bricks":4,"minecraft:birch_log":2,"minecraft:gravel":405,"minecraft:blackstone":95,"iceandfire:ghost_sword":2,"biomesoplenty:rainbow_birch_sapling":64,"minecraft:cherry_sapling":12,"minecraft:black_terracotta":5,"minecraft:diamond_shovel":3,"biomesoplenty:jacaranda_slab":15,"minecraft:carrot":668,"minecraft:chainmail_chestplate":8,"minecraft:poppy":9187,"minecraft:chiseled_stone_bricks":25,"minecraft:oak_fence_gate":32,"minecraft:gunpowder":47,"minecraft:skeleton_skull":1,"minecraft:melon_seeds":3,"minecraft:lingering_potion":6,"minecraft:glowstone":12,"minecraft:chest":18,"minecraft:chainmail_boots":6,"biomesoplenty:umbran_slab":144,"minecraft:basalt":147,"minecraft:arrow":2352,"minecraft:prismarine_bricks":37,"minecraft:netherrack":30,"minecraft:oak_slab":17,"minecraft:mossy_cobblestone":26,"minecraft:diamond_leggings":2,"minecraft:lead":4,"minecraft:copper_ingot":4,"minecraft:nether_brick_wall":2,"iceandfire:lightning_dragon_flesh":1,"minecraft:stick":498,"minecraft:diorite":14,"minecraft:smooth_quartz":1,"minecraft:iron_leggings":10,"minecraft:wither_rose":1,"minecraft:bucket":4,"minecraft:music_disc_cat":2,"alexscaves:extinction_spear":1,"minecraft:dandelion":1,"minecraft:smooth_basalt":13,"minecraft:redstone":70,"minecraft:nether_brick_slab":4,"minecraft:coarse_dirt":16,"minecraft:raw_copper":9,"minecraft:tuff":43,"iceandfire:myrmex_desert_resin":7,"minecraft:raw_iron":1,"minecraft:iron_hoe":1,"alexscaves:metal_scaffolding":1,"alexscaves:ominous_catalyst":3,"minecraft:filled_map":2,"minecraft:diamond_chestplate":1,"minecraft:orange_terracotta":1,"minecraft:iron_chestplate":5,"minecraft:mossy_stone_bricks":42,"iceandfire:dragonbone_bow":1,"minecraft:golden_sword":6,"alexscaves:scrap_metal_plate":1,"minecraft:diamond_boots":1,"minecraft:stone_pickaxe":5,"minecraft:calcite":69,"crittersandcompanions:dumbo_octopus_bucket":1},"minecraft:killed":{"iceandfire:gorgon":1,"minecraft:cod":1,"tconstruct:sky_slime":15,"alexscaves:radgill":5,"iceandfire:dread_scuttler":9,"minecraft:salmon":2,"minecraft:iron_golem":8,"alexscaves:gossamer_worm":1,"minecraft:pillager":7,"minecraft:goat":2,"minecraft:zombie":688,"alexscaves:trilocaris":2,"iceandfire:dread_ghoul":64,"iceandfire:lightning_dragon":10,"iceandfire:sea_serpent":3,"alexscaves:brainiac":15,"alexscaves:deep_one":5,"crittersandcompanions:dragonfly":17,"iceandfire:siren":3,"iceandfire:hippocampus":2,"minecraft:husk":1,"iceandfire:cyclops":2,"minecraft:rabbit":13,"iceandfire:ghost":12,"iceandfire:ice_dragon":2,"minecraft:zombified_piglin":4,"minecraft:witch":12,"minecraft:spider":47,"minecraft:silverfish":67,"minecraft:piglin_brute":7,"minecraft:piglin":16,"minecraft:zombie_villager":14,"alexscaves:deep_one_mage":4,"minecraft:sheep":8,"alexscaves:caniac":2,"minecraft:ghast":5,"alexscaves:sweetish_fish":2,"iceandfire:pixie":10,"minecraft:vex":2,"minecraft:slime":5,"alexscaves:nucleeper":10,"minecraft:drowned":57,"alexscaves:relicheirus":2,"minecraft:hoglin":2,"minecraft:wither_skeleton":1,"minecraft:cave_spider":8,"iceandfire:hippogryph":5,"minecraft:skeleton":762,"alexscaves:mine_guardian":1,"minecraft:chicken":11,"minecraft:cat":1,"minecraft:magma_cube":51,"alexscaves:deep_one_knight":5,"iceandfire:cockatrice":10,"minecraft:cow":16,"iceandfire:dread_beast":25,"iceandfire:dread_knight":18,"alexscaves:grottoceratops":13,"minecraft:enderman":15,"crittersandcompanions:leaf_insect":1,"minecraft:pig":13,"minecraft:creeper":455,"alexscaves:luxtructosaurus":1,"alexscaves:vallumraptor":22,"alexscaves:gumbeeper":1,"alexscaves:tremorsaurus":1,"minecraft:phantom":8,"iceandfire:dread_thrall":62,"iceandfire:fire_dragon":13,"alexscaves:atlatitan":3,"iceandfire:amphithere":2,"iceandfire:troll":1,"alexscaves:subterranodon":2},"minecraft:mined":{"minecraft:white_bed":13,"iceandfire:copper_pile":2,"alexscaves:midnight_anemone":2,"minecraft:red_nether_bricks":2,"alexscaves:limestone":106,"minecraft:granite":17,"biomesoplenty:fir_slab":14,"alexscaves:chiseled_candy_cane_block":8,"minecraft:light_gray_bed":1,"minecraft:oak_wall_sign":1,"minecraft:spawner":22,"minecraft:polished_blackstone_bricks":27,"minecraft:magma_block":37,"minecraft:cobbled_deepslate":48,"minecraft:fire":74,"minecraft:barrel":7,"tconstruct:seared_melter":5,"minecraft:fletching_table":1,"minecraft:deepslate_lapis_ore":3,"biomesoplenty:umbran_stairs":1,"iceandfire:gold_pile":340,"alexscaves:smooth_limestone":1,"minecraft:pink_tulip":3,"iceandfire:dread_stone_bricks_cracked":73,"another_furniture:spruce_shutter":19,"farmersdelight:rich_soil_farmland":8,"minecraft:tripwire":4,"minecraft:orange_bed":5,"minecraft:jungle_button":2,"biomesoplenty:jacaranda_leaves":2,"biomesoplenty:jacaranda_planks":5,"minecraft:smoker":8,"minecraft:powder_snow":34,"alexscaves:large_peppermint":1,"etched:album_jukebox":3,"minecraft:torch":61,"minecraft:note_block":4,"minecraft:oxidized_copper":3,"minecraft:dead_bush":5,"minecraft:nether_brick_slab":1,"iceandfire:sapphire_ore":14,"farmersdelight:cabbages":3,"minecraft:sugar_cane":44,"alexscaves:dusk_anemone":1,"minecraft:amethyst_block":78,"alexscaves:cake_layer":49,"minecraft:white_terracotta":32,"minecraft:chain":11,"minecraft:repeater":1,"minecraft:mud":1,"tconstruct:seared_faucet":1,"tconstruct:earth_slime_dirt":5,"minecraft:wither_rose":4,"minecraft:infested_mossy_stone_bricks":4,"iceandfire:dragonforge_ice_input":2,"minecraft:grass":248,"minecraft:smooth_basalt":12,"biomesoplenty:jacaranda_wood":1,"another_furniture:spruce_shelf":12,"another_furniture:white_stool":1,"alexscaves:flood_basalt":60,"minecraft:deepslate":828,"minecraft:attached_pumpkin_stem":3,"minecraft:dark_prismarine":5,"alexscaves:acidic_radrock":1,"alexscaves:primal_magma":59,"minecraft:mossy_cobblestone":27,"farmersdelight:wild_carrots":13,"minecraft:cherry_sapling":1,"minecraft:dark_oak_log":2,"minecraft:sea_lantern":40,"minecraft:dark_oak_fence":1,"alexscaves:abyssmarine":14,"minecraft:redstone_wire":4,"minecraft:potted_bamboo":1,"minecraft:red_mushroom":4,"minecraft:cartography_table":4,"tconstruct:sky_slime_crystal_cluster":1,"minecraft:cherry_wall_sign":7,"minecraft:magenta_stained_glass_pane":8,"farmersdelight:wild_onions":9,"alexscaves:mussel":176,"minecraft:packed_mud":4,"minecraft:pink_concrete":1,"biomesoplenty:brimstone_bud":1,"biomesoplenty:rainbow_birch_leaves":11,"minecraft:cobblestone_slab":1,"minecraft:vine":15,"minecraft:rail":12,"alexscaves:licoroot_sprout":1,"minecraft:bone_block":44,"alexscaves:abyssmarine_brick_stairs":1,"minecraft:oak_slab":3,"betterarcheology:archeology_table":1,"minecraft:glass_pane":45,"minecraft:soul_sand":117,"minecraft:dandelion":10,"minecraft:cornflower":23,"alexscaves:flytrap":9,"biomesoplenty:fir_planks":136,"another_furniture:spruce_table":18,"minecraft:campfire":7,"minecraft:copper_ore":31,"minecraft:lightning_rod":1,"minecraft:tall_grass":31,"alexscaves:abyssmarine_pillar":2,"tconstruct:seared_casting_tank":2,"minecraft:deepslate_gold_ore":96,"farmersdelight:wild_tomatoes":2,"minecraft:diorite":14,"tconstruct:sky_slime_leaves":2,"minecraft:coarse_dirt":21,"alexscaves:depth_glass":39,"minecraft:cobblestone_wall":1,"betterarcheology:loot_vase_creeper":11,"minecraft:creeper_head":2,"minecraft:weathered_cut_copper":1,"minecraft:dark_prismarine_slab":4,"iceandfire:silver_pile":4,"alexscaves:geothermal_vent_thin":4,"minecraft:gravel":530,"minecraft:cobweb":60,"minecraft:oak_button":2,"tconstruct:blood_slime_tall_grass":1,"minecraft:stone_bricks":128,"minecraft:chipped_anvil":4,"minecraft:iron_trapdoor":1,"minecraft:fern":32,"tconstruct:sky_congealed_slime":16,"farmersdelight:rich_soil":3,"alexscaves:geothermal_vent_medium":2,"farmersdelight:tomato_crate":4,"minecraft:brewing_stand":5,"minecraft:spruce_trapdoor":12,"alexscaves:geothermal_vent":3,"minecraft:budding_amethyst":5,"biomesoplenty:umbran_planks":155,"travelersbackpack:sponge":2,"alexscaves:copper_valve":3,"alexscaves:abyssal_altar":2,"minecraft:cracked_polished_blackstone_bricks":11,"alexscaves:sulfur":7,"iceandfire:dread_spawner":26,"betterarcheology:villager_fossil_body":8,"minecraft:composter":8,"minecraft:green_wall_banner":2,"tconstruct:seared_table":3,"biomesoplenty:stripped_fir_log":1,"minecraft:brown_bed":5,"minecraft:green_stained_glass":1,"minecraft:pointed_dripstone":4,"minecraft:iron_bars":24,"alexscaves:ambersol":1,"alexscaves:sulfur_bud_large":1,"minecraft:spruce_slab":77,"iceandfire:chared_cobblestone":42,"minecraft:deepslate_redstone_ore":40,"another_furniture:spruce_flower_box":13,"biomesoplenty:wildflower":2,"minecraft:orange_terracotta":1,"iceandfire:fire_lily":3,"minecraft:nether_quartz_ore":17,"minecraft:oak_planks":180,"minecraft:wall_torch":17,"farmersdelight:sandy_shrub":1,"minecraft:powered_rail":3,"minecraft:dark_oak_slab":51,"biomesoplenty:fir_log":105,"minecraft:tnt":6,"minecraft:smooth_stone_slab":7,"iceandfire:dread_stone_bricks_mossy":21,"minecraft:oak_log":62,"alexscaves:cinder_block":3,"minecraft:dirt":2365,"biomesoplenty:fir_sapling":9,"alexscaves:unrefined_waste":39,"minecraft:dispenser":10,"iceandfire:dread_stone_bricks":95,"betterarcheology:villager_fossil":1,"minecraft:red_stained_glass":1,"iceandfire:frozen_cobblestone":19,"minecraft:glow_lichen":1,"minecraft:lever":2,"minecraft:chiseled_bookshelf":3,"tconstruct:earth_slime_crystal_block":107,"minecraft:decorated_pot":5,"minecraft:birch_slab":3,"minecraft:cracked_nether_bricks":3,"minecraft:hay_block":19,"tconstruct:sky_earth_slime_grass":1,"iceandfire:crackled_grass":1,"tconstruct:budding_earth_slime_crystal":4,"minecraft:gray_wall_banner":4,"minecraft:gold_block":50,"minecraft:bookshelf":36,"minecraft:deepslate_iron_ore":7,"crittersandcompanions:silk_cocoon":4,"tconstruct:budding_ichor_slime_crystal":3,"minecraft:stripped_oak_log":9,"minecraft:wet_sponge":14,"tconstruct:ichor_slime_crystal_block":75,"minecraft:scaffolding":1,"alexscaves:cinder_block_stairs":2,"minecraft:basalt":40,"alexscaves:cave_painting_tremorsaurus":1,"minecraft:oak_fence":2,"iceandfire:dread_stone_slab":3,"tconstruct:seared_basin":4,"minecraft:stone_slab":1,"minecraft:polished_blackstone_brick_stairs":1,"minecraft:prismarine_bricks":48,"minecraft:birch_planks":571,"minecraft:ice":5,"iceandfire:ash":38,"betterarcheology:loot_vase_green":24,"minecraft:ochre_froglight":47,"minecraft:cherry_leaves":21,"minecraft:flower_pot":3,"minecraft:cyan_carpet":6,"minecraft:cracked_stone_bricks":36,"alexscaves:block_of_chocolate":4,"minecraft:mossy_stone_bricks":47,"alexscaves:scrap_metal_plate":1,"minecraft:dark_oak_planks":7,"minecraft:dark_prismarine_stairs":1,"minecraft:black_terracotta":5,"alexscaves:magnetic_activator":1,"minecraft:cherry_log":2,"tconstruct:sky_slime_crystal_block":17,"minecraft:jungle_leaves":9,"minecraft:carved_pumpkin":5,"minecraft:jungle_log":2,"minecraft:coal_block":22,"minecraft:deepslate_bricks":6,"biomesoplenty:dried_salt":13,"alexscaves:muck":18,"alexscaves:rusty_rebar":1,"minecraft:chiseled_stone_bricks":11,"minecraft:weeping_vines_plant":1,"minecraft:orange_concrete":3,"minecraft:tall_seagrass":6,"minecraft:sticky_piston":14,"biomesoplenty:rainbow_birch_sapling":6,"biomesoplenty:lavender":4,"tconstruct:cobalt_ore":7,"minecraft:moss_carpet":1,"minecraft:pumpkin":5,"alexscaves:smooth_limestone_stairs":1,"minecraft:sculk_shrieker":1,"minecraft:water_cauldron":1,"minecraft:dirt_path":235,"alexscaves:smooth_bone_slab":1,"minecraft:oak_stairs":12,"another_furniture:cyan_lamp":1,"betterarcheology:loot_vase":15,"biomesoplenty:jacaranda_trapdoor":1,"minecraft:piston_head":3,"minecraft:brown_mushroom":1,"alexscaves:amber":67,"another_furniture:purple_sofa":2,"minecraft:amethyst_cluster":3,"another_furniture:purple_lamp":3,"biomesoplenty:black_sandstone":1,"minecraft:blast_furnace":13,"minecraft:polished_andesite_stairs":2,"minecraft:glass":5,"minecraft:damaged_anvil":2,"minecraft:skeleton_skull":8,"iceandfire:crackled_stone":6,"minecraft:wheat":13,"minecraft:black_bed":2,"minecraft:stone_brick_stairs":15,"betterarcheology:rotten_planks":3,"minecraft:prismarine_brick_stairs":2,"minecraft:stonecutter":3,"minecraft:piston":1,"alexscaves:small_peppermint":1,"iceandfire:silver_ore":29,"alexscaves:radrock":450,"biomesoplenty:desert_grass":23,"tconstruct:modifier_worktable":3,"minecraft:nether_bricks":5,"minecraft:allium":9,"alexscaves:pewen_log":4,"minecraft:jungle_planks":8,"iceandfire:deepslate_silver_ore":3,"biomesoplenty:dead_grass":1,"minecraft:moss_block":5,"minecraft:kelp":1,"minecraft:jungle_sapling":2,"travelersbackpack:chicken":1,"minecraft:snow":218,"minecraft:potatoes":1,"etched:etching_table":3,"minecraft:bamboo_sapling":3,"iceandfire:frost_lily":2,"minecraft:bamboo":10,"minecraft:white_wool":1,"minecraft:smithing_table":5,"minecraft:cherry_planks":3,"minecraft:stone_brick_slab":11,"minecraft:observer":1,"minecraft:emerald_ore":2,"minecraft:sponge":1,"iceandfire:dread_stone_stairs":2,"alexscaves:giant_sweetberry":1,"minecraft:purple_bed":1,"tconstruct:blood_ichor_slime_grass":7,"alexscaves:rusty_barrel":10,"minecraft:spruce_log":40,"minecraft:jungle_fence":17,"alexscaves:cycad":1,"minecraft:zombie_head":3,"minecraft:acacia_door":1,"minecraft:infested_stone":1,"minecraft:spruce_planks":8,"iceandfire:graveyard_soil":16,"minecraft:cobbled_deepslate_stairs":1,"minecraft:cobblestone_stairs":4,"minecraft:infested_cobblestone":4,"travelersbackpack:iron_golem":2,"minecraft:grass_block":1481,"iceandfire:lectern":8,"minecraft:soul_soil":52,"minecraft:mud_bricks":3,"alexscaves:sundrop":4,"biomesoplenty:blackstone_bulb":2,"iceandfire:crackled_cobblestone":12,"alexscaves:sprinkles":1,"minecraft:smooth_stone":92,"betterarcheology:chiseled_bone_block":215,"another_furniture:spruce_drawer":5,"another_furniture:jungle_chair":4,"minecraft:iron_ore":50,"alexscaves:abyssmarine_bricks":28,"alexscaves:rusty_scrap_metal":1,"minecraft:anvil":3,"iceandfire:crackled_dirt":3,"alexscaves:amber_monolith":1,"minecraft:dark_oak_stairs":1,"another_furniture:purple_stool":8,"minecraft:purple_carpet":40,"alexscaves:rusty_scrap_metal_plate":1,"minecraft:green_bed":3,"alexscaves:fern_thatch":9,"minecraft:blackstone":23,"farmersdelight:organic_compost":5,"iceandfire:myrmex_resin_jungle":1,"another_furniture:white_tall_stool":2,"alexscaves:cinder_block_wall":1,"minecraft:soul_lantern":13,"minecraft:clay":27,"iceandfire:dragon_ice_spikes":13,"minecraft:calcite":14,"minecraft:poppy":2,"betterarcheology:creeper_fossil_head":7,"iceandfire:ghost_chest":8,"minecraft:chest":161,"minecraft:cobblestone":184,"alexscaves:rusty_scaffolding":2,"minecraft:grindstone":5,"minecraft:prismarine":27,"minecraft:iron_door":1,"minecraft:deepslate_copper_ore":16,"minecraft:seagrass":16,"minecraft:birch_log":1,"minecraft:waxed_oxidized_cut_copper_stairs":1,"minecraft:orange_tulip":2,"minecraft:yellow_stained_glass_pane":2,"biomesoplenty:clover":1,"iceandfire:dragonforge_lightning_brick":2,"minecraft:acacia_fence":3,"minecraft:sand":1538,"minecraft:infested_cracked_stone_bricks":13,"minecraft:tripwire_hook":4,"minecraft:netherrack":158,"minecraft:oak_leaves":91,"betterarcheology:villager_fossil_head":16,"minecraft:emerald_block":15,"iceandfire:lightning_lily":3,"iceandfire:chared_stone":35,"alexscaves:spelunkery_table":5,"minecraft:diamond_ore":8,"minecraft:tuff":78,"minecraft:deepslate_diamond_ore":76,"minecraft:oak_door":2,"biomesoplenty:bush":15,"iceandfire:frozen_stone":37,"alexscaves:sulfur_cluster":6,"biomesoplenty:umbran_slab":63,"farmersdelight:tomatoes":15,"iceandfire:dragonforge_ice_brick":16,"minecraft:sandstone":30,"minecraft:large_fern":21,"alexscaves:radrock_uranium_ore":116,"alexscaves:subterranodon_egg":7,"minecraft:oxidized_cut_copper":2,"minecraft:furnace":4,"minecraft:carrots":22,"minecraft:stripped_spruce_log":3,"treechop:chopped_log":137,"iceandfire:dragon_bone_block":16,"minecraft:bell":1,"farmersdelight:rope":2,"biomesoplenty:fir_stairs":7,"minecraft:lantern":24,"alexscaves:curly_fern":29,"minecraft:white_tulip":18,"minecraft:stone":3760,"minecraft:podzol":1,"farmersdelight:cooking_pot":1,"waystones:warp_plate":4,"alexscaves:gummy_ring_blue":1,"alexscaves:cave_painting_dark":2,"alexscaves:abyssmarine_tiles":2,"minecraft:crafting_table":17,"minecraft:rose_bush":2,"minecraft:lectern":30,"farmersdelight:onion_crate":1,"biomesoplenty:sprout":17,"minecraft:lapis_ore":3,"alexscaves:ping_pong_sponge":2,"minecraft:cactus":4,"alexscaves:nuclear_siren":2,"minecraft:redstone_torch":1,"minecraft:sweet_berry_bush":2,"minecraft:gray_bed":2,"alexscaves:waste_drum":2,"alexscaves:drain":1,"minecraft:yellow_bed":7,"iceandfire:dragonforge_fire_brick":4,"minecraft:coal_ore":390,"betterarcheology:evoker_trap":7,"iceandfire:dragonforge_fire_core_disabled":1,"farmersdelight:stove":1,"minecraft:polished_andesite":2},"minecraft:killed_by":{"minecraft:magma_cube":1,"minecraft:ghast":3,"iceandfire:dread_knight":1,"minecraft:skeleton":1,"iceandfire:lightning_dragon":2,"iceandfire:gorgon":5},"minecraft:crafted":{"betterarcheology:artifact_shards":49,"travelersbackpack:magnet_upgrade":1,"minecraft:oak_sign":33,"iceandfire:stymphalian_bird_feather":132,"minecraft:diamond_shovel":1,"waystones:warp_plate":4,"iceandfire:dragonforge_lightning_input":1,"minecraft:diamond_helmet":2,"iceandfire:dragon_ice":2,"another_furniture:spruce_drawer":1,"another_furniture:purple_stool":6,"iceandfire:dragonscale_black":10,"tconstruct:scorched_brick":32,"minecraft:smithing_table":1,"iceandfire:wither_shard":3,"minecraft:fletching_table":1,"waystones:warp_stone":8,"minecraft:painting":10,"minecraft:stone_brick_stairs":12,"betterarcheology:diamond_brush":1,"minecraft:lectern":132,"minecraft:iron_pickaxe":3,"minecraft:netherite_ingot":1,"minecraft:composter":3,"minecraft:cyan_wool":35,"minecraft:golden_carrot":126,"minecraft:jukebox":2,"minecraft:iron_nugget":297,"iceandfire:dragonarmor_iron_body":2,"iceandfire:hydra_fang":1,"iceandfire:dragon_flute":1,"another_furniture:purple_sofa":3,"travelersbackpack:blank_upgrade":8,"travelersbackpack:gold_tier_upgrade":1,"minecraft:lantern":71,"biomesoplenty:umbran_stairs":4,"minecraft:stone_pickaxe":7,"minecraft:purple_carpet":39,"iceandfire:chain":1,"etched:boombox":1,"iceandfire:dragonbone_sword":1,"minecraft:enchanting_table":1,"biomesoplenty:redwood_planks":256,"iceandfire:dragonforge_fire_input":1,"iceandfire:pixie_jar_empty":32,"iceandfire:myrmex_jungle_resin":140,"minecraft:enchanted_book":84,"iceandfire:sickly_dragon_meal":1,"minecraft:iron_shovel":9,"biomesoplenty:fir_button":40,"minecraft:note_block":1,"iceandfire:dragonarmor_iron_neck":2,"minecraft:barrel":4,"minecraft:cooked_chicken":3247,"minecraft:lightning_rod":5,"iceandfire:fire_dragon_flesh":180,"iceandfire:shiny_scales":20,"biomesoplenty:redwood_slab":192,"minecraft:stone":397,"another_furniture:spruce_flower_box":3,"another_furniture:spruce_shelf":15,"iceandfire:dragonsteel_lightning_boots":1,"iceandfire:dragonsteel_lightning_chestplate":1,"minecraft:bow":10,"biomesoplenty:fir_slab":12,"alexscaves:serene_salad":5,"minecraft:chest":106,"minecraft:oak_button":67,"minecraft:rail":16,"minecraft:stone_bricks":136,"iceandfire:manuscript":2140,"minecraft:arrow":912,"biomesoplenty:jacaranda_planks":144,"minecraft:iron_helmet":2,"minecraft:brush":1,"biomesoplenty:jacaranda_slab":30,"alexscaves:extinction_spear":1,"betterarcheology:rotten_planks":60,"minecraft:dispenser":1,"minecraft:spruce_trapdoor":42,"minecraft:purple_dye":78,"minecraft:stick":1168,"minecraft:iron_ingot":5243,"iceandfire:dragonscale_sapphire":4,"minecraft:cyan_carpet":54,"alexscaves:metal_barrel":1,"minecraft:deepslate_bricks":104,"minecraft:fishing_rod":6,"iceandfire:dragonscale_electric":3,"iceandfire:dragon_stick":1,"etched:album_cover":3,"minecraft:furnace":5,"minecraft:blast_furnace":4,"minecraft:mud_bricks":98,"minecraft:magenta_stained_glass_pane":24,"minecraft:raw_copper_block":26,"minecraft:oak_trapdoor":2,"iceandfire:dragonsteel_ice_shovel":2,"etched:blank_music_disc":28,"alexscaves:ominous_catalyst":1,"iceandfire:dragonsteel_ice_pickaxe":1,"travelersbackpack:diamond_tier_upgrade":1,"biomesoplenty:umbran_planks":1220,"iceandfire:silver_ingot":31,"minecraft:cooked_salmon":64,"betterarcheology:archeology_table":1,"minecraft:jungle_planks":576,"another_furniture:spruce_table":6,"betterarcheology:unidentified_artifact":6,"iceandfire:dragonbone":46,"iceandfire:dragonscale_blue":15,"minecraft:white_dye":27,"minecraft:anvil":5,"waystones:warp_dust":16,"iceandfire:dragonsteel_ice_ingot":30,"minecraft:torch":720,"minecraft:diamond_chestplate":2,"minecraft:jungle_button":1,"minecraft:smooth_stone":195,"iceandfire:dragonarmor_iron_head":2,"globalxp:xp_block":1,"minecraft:purple_bed":1,"iceandfire:armor_copper_boots":1,"iceandfire:dragonsteel_lightning_leggings":1,"minecraft:bookshelf":179,"minecraft:cooked_mutton":12,"minecraft:iron_bars":16,"iceandfire:pixie_dust":50,"minecraft:glass":256,"etched:music_label":149,"minecraft:diamond_leggings":2,"iceandfire:dragonbone_arrow":15,"iceandfire:dragonsteel_lightning_helmet":1,"biomesoplenty:jacaranda_trapdoor":4,"minecraft:magenta_dye":13,"minecraft:flower_pot":8,"minecraft:glass_bottle":210,"minecraft:emerald":12440,"minecraft:diamond_axe":2,"iceandfire:myrmex_resin_jungle":35,"minecraft:copper_ingot":55,"iceandfire:ash":5,"etched:etching_table":1,"minecraft:cherry_sign":66,"minecraft:compass":1,"minecraft:iron_block":700,"minecraft:gold_ingot":489,"iceandfire:dragon_horn":7,"minecraft:rabbit_stew":10,"minecraft:smooth_stone_slab":6,"iceandfire:dragon_bone_wall":1,"iceandfire:dragonforge_ice_brick":12,"iceandfire:myrmex_desert_resin":167,"minecraft:bone_meal":3900,"iceandfire:dragonscale_gray":3,"betterarcheology:villager_fossil":1,"iceandfire:troll_tusk":516,"betterarcheology:iron_brush":1,"travelersbackpack:feeding_upgrade":1,"minecraft:spruce_slab":156,"another_furniture:white_stool":6,"minecraft:diamond_boots":2,"minecraft:redstone_block":38,"iceandfire:dragonsteel_fire_ingot":21,"minecraft:jungle_fence":21,"minecraft:dark_oak_planks":516,"minecraft:wheat":171,"biomesoplenty:dead_planks":12,"minecraft:crossbow":18,"iceandfire:dragon_ice_spikes":154,"another_furniture:jungle_chair":3,"minecraft:deepslate_brick_slab":36,"minecraft:magenta_stained_glass":8,"iceandfire:sea_serpent_fang":3,"minecraft:glowstone":20,"minecraft:jungle_slab":768,"biomesoplenty:dead_slab":6,"minecraft:wooden_axe":1,"minecraft:oak_stairs":8,"minecraft:iron_leggings":2,"minecraft:white_bed":3,"iceandfire:dragonforge_fire_brick":32,"biomesoplenty:fir_trapdoor":2,"minecraft:brick":26,"alexscaves:waste_drum":1,"minecraft:oak_planks":676,"minecraft:dark_oak_boat":1,"iceandfire:ghost_sword":1,"iceandfire:lectern":19,"minecraft:cobblestone_stairs":20,"iceandfire:myrmex_resin_desert":41,"alexscaves:pewen_planks":124,"minecraft:hopper":12,"minecraft:iron_boots":12,"minecraft:raw_copper":36,"iceandfire:dragonscale_copper":27,"alexscaves:primitive_club":1,"alexscaves:block_of_uranium":37,"minecraft:item_frame":75,"minecraft:oak_slab":66,"travelersbackpack:iron_tier_upgrade":1,"minecraft:crafting_table":14,"iceandfire:blindfold":1,"minecraft:spruce_planks":488,"minecraft:wooden_pickaxe":3,"another_furniture:white_sofa":3,"waystones:white_sharestone":9,"iceandfire:dragonscale_white":3,"another_furniture:white_lamp":3,"minecraft:gold_block":124,"minecraft:birch_planks":932,"iceandfire:armor_copper_leggings":1,"biomesoplenty:fir_planks":1020,"iceandfire:dragonbone_bow":1,"iceandfire:armor_copper_chestplate":1,"minecraft:dark_oak_slab":972,"minecraft:iron_chestplate":2,"minecraft:emerald_block":376,"minecraft:paper":48,"minecraft:diamond_pickaxe":3,"iceandfire:dragonscale_bronze":10,"iceandfire:dragonsteel_fire_sword":1,"minecraft:stone_sword":1,"biomesoplenty:dead_button":9,"biomesoplenty:umbran_button":1,"minecraft:redstone_torch":2,"iceandfire:dragonforge_fire_core_disabled":1,"iceandfire:armor_copper_helmet":1,"biomesoplenty:fir_stairs":96,"minecraft:cherry_planks":168,"minecraft:cookie":324,"minecraft:purple_wool":27,"minecraft:redstone":44,"minecraft:coal":9,"betterarcheology:guardian_fossil":1,"another_furniture:purple_lamp":1,"alexscaves:cave_map":4,"minecraft:glass_pane":96,"minecraft:polished_deepslate":104,"minecraft:iron_hoe":1,"minecraft:filled_map":1,"iceandfire:dragon_bone_block":16,"minecraft:netherite_scrap":4,"another_furniture:spruce_shutter":4,"minecraft:cooked_beef":16,"iceandfire:dragonscale_red":30,"minecraft:red_dye":44,"minecraft:bone_block":286,"iceandfire:dragon_meal":612,"minecraft:powered_rail":6,"iceandfire:tide_trident":2,"minecraft:bowl":28,"waystones:sharestone":8,"iceandfire:dragonforge_ice_core_disabled":1,"iceandfire:dragonsteel_lightning_ingot":25,"minecraft:bucket":7,"minecraft:stone_axe":12,"minecraft:air":0,"minecraft:bread":126,"alexscaves:nuclear_furnace_component":8,"minecraft:blue_dye":57,"minecraft:oak_boat":2,"iceandfire:bestiary":1,"minecraft:white_wool":2,"minecraft:raw_gold":18,"iceandfire:dragonforge_lightning_brick":32,"iceandfire:dragonforge_lightning_core_disabled":1,"etched:album_jukebox":1,"iceandfire:dragonarmor_iron_tail":2,"minecraft:pumpkin_pie":52,"biomesoplenty:umbran_slab":318,"minecraft:lapis_lazuli":10},"minecraft:picked_up":{"alexscaves:waste_drum":5,"alexscaves:tough_hide":27,"biomesoplenty:umbran_slab":298,"minecraft:suspicious_stew":8,"minecraft:smithing_table":5,"minecraft:lead":5,"minecraft:stone_slab":5,"biomesoplenty:orange_autumn_sapling":8,"alexscaves:unrefined_waste":37,"minecraft:enchanted_book":35,"minecraft:music_disc_cat":4,"minecraft:polished_blackstone_brick_stairs":1,"minecraft:string":253,"biomesoplenty:yellow_autumn_sapling":14,"waystones:warp_plate":4,"minecraft:pufferfish":14,"minecraft:diamond_leggings":11,"iceandfire:dragonforge_ice_brick":17,"iceandfire:myrmex_desert_resin":174,"biomesoplenty:redwood_wood":2498,"minecraft:crimson_sign":1,"minecraft:polished_blackstone_stairs":5,"minecraft:big_dripleaf":4,"minecraft:acacia_log":1,"minecraft:golden_axe":3,"alexscaves:cinder_block_wall":1,"minecraft:lightning_rod":1,"minecraft:golden_chestplate":8,"minecraft:green_terracotta":23,"minecraft:cauldron":2,"alexscaves:ominous_catalyst":1,"minecraft:orange_bed":5,"iceandfire:lightning_lily":8,"minecraft:stone_sword":4,"crittersandcompanions:dragonfly_wing":22,"alexscaves:copper_valve":3,"farmersdelight:onion":22,"minecraft:blackstone_wall":1,"minecraft:carved_pumpkin":5,"minecraft:glowstone":12,"farmersdelight:rope":73,"minecraft:white_terracotta":96,"another_furniture:cyan_lamp":1,"minecraft:iron_bars":274,"minecraft:snowball":275,"biomesoplenty:lavender":37,"minecraft:sponge":2,"iceandfire:sapphire_gem":65,"alexscaves:smooth_bone_slab":1,"travelersbackpack:iron_golem":2,"iceandfire:dragonscale_sapphire":4,"minecraft:feather":65,"minecraft:cooked_beef":6,"farmersdelight:rice":14,"another_furniture:jungle_chair":6,"biomesoplenty:dried_salt":246,"minecraft:water_bucket":2,"biomesoplenty:dead_log":3,"biomesoplenty:fir_sapling":517,"minecraft:flint":155,"biomesoplenty:fir_stairs":59,"alexscaves:sundrop":4,"minecraft:lantern":38,"farmersdelight:tomato":56,"tconstruct:ichor_slime_dirt":7,"minecraft:purple_carpet":40,"alexscaves:hazmat_mask":1,"minecraft:stonecutter":5,"alexscaves:extinction_spear":1,"tconstruct:seared_table":3,"minecraft:diamond_helmet":9,"minecraft:rabbit":35,"biomesoplenty:magic_sapling":1,"alexscaves:giant_sweetberry":2,"iceandfire:dragonscales_sapphire":36,"minecraft:lime_terracotta":14,"iceandfire:dragon_skull_fire":28,"minecraft:stripped_spruce_log":3,"iceandfire:stymphalian_bird_feather":132,"iceandfire:lightning_dragon_heart":12,"minecraft:polished_andesite":2,"iceandfire:crackled_stone":28,"iceandfire:lectern":8,"minecraft:lever":3,"minecraft:granite":20,"alexscaves:cinder_block_stairs":2,"iceandfire:troll_leather_forest":18,"iceandfire:raw_silver":144,"minecraft:diamond_pickaxe":3,"biomesoplenty:redwood_log":15,"iceandfire:dragon_skull_lightning":39,"minecraft:mud":2,"minecraft:shelter_pottery_sherd":1,"alexscaves:primal_magma":74,"alexscaves:cinder_brick":65,"minecraft:clay_ball":316,"minecraft:leather_leggings":10,"tconstruct:materials_and_you":1,"biomesoplenty:jacaranda_sapling":637,"travelersbackpack:sandstone":1,"minecraft:cornflower":38,"alexscaves:peppermint_powder":23,"minecraft:acacia_door":2,"minecraft:flint_and_steel":1,"minecraft:white_carpet":1,"minecraft:iron_shovel":1,"iceandfire:ghost_ingot":1,"minecraft:glass_pane":1,"iceandfire:graveyard_soil":72,"iceandfire:dread_knight_sword":2,"alexscaves:amber_monolith":1,"minecraft:jungle_sapling":61,"minecraft:poppy":131,"minecraft:spruce_slab":82,"minecraft:birch_sapling":4,"minecraft:piston":2,"tconstruct:scorched_faucet":2,"iceandfire:dragonsteel_ice_shovel":1,"alexscaves:cycad":14,"minecraft:fire_charge":1,"farmersdelight:tomato_seeds":29,"iceandfire:dragonegg_copper":2,"etched:album_jukebox":3,"iceandfire:dragon_skull_ice":12,"iceandfire:dragonegg_electric":4,"alexscaves:dusk_anemone":1,"minecraft:diamond_chestplate":7,"minecraft:decorated_pot":1,"minecraft:hay_block":19,"minecraft:totem_of_undying":1,"biomesoplenty:redwood_sapling":221,"minecraft:oxeye_daisy":1,"minecraft:mutton":35,"minecraft:rail":37,"minecraft:bone_block":54,"minecraft:heartbreak_pottery_sherd":1,"minecraft:mud_bricks":288,"iceandfire:sea_serpent_fang":24,"minecraft:tripwire_hook":5,"alexscaves:sulfur_dust":71,"biomesoplenty:fir_button":22,"minecraft:jungle_fence":35,"minecraft:packed_mud":25,"minecraft:lily_pad":3,"alexscaves:charred_remnant":26,"farmersdelight:skillet":1,"iceandfire:myrmex_resin_jungle":1,"alexscaves:ambersol":1,"tconstruct:sky_slime_crystal_block":80,"minecraft:paper":14,"alexscaves:pewen_sapling":6,"minecraft:apple":34,"alexscaves:slam":15,"farmersdelight:cooking_pot":3,"minecraft:yellow_stained_glass":23,"alexscaves:green_soylent":30,"minecraft:oak_fence_gate":32,"minecraft:stone_pickaxe":3,"minecraft:cherry_sign":50,"biomesoplenty:magic_log":4,"minecraft:magenta_stained_glass":28,"minecraft:gray_bed":2,"alexscaves:abyssmarine_pillar":2,"minecraft:dark_oak_stairs":2,"minecraft:polished_andesite_stairs":3,"iceandfire:copper_nugget":546,"minecraft:smooth_basalt":31,"minecraft:sweet_berries":40,"iceandfire:sea_serpent_scales_green":6,"minecraft:cracked_nether_bricks":5,"betterarcheology:villager_fossil_body":11,"betterarcheology:villager_fossil_head":18,"minecraft:crying_obsidian":11,"minecraft:leather_helmet":4,"minecraft:archer_pottery_sherd":4,"minecraft:diamond_shovel":2,"minecraft:brewer_pottery_sherd":6,"travelersbackpack:standard":1,"iceandfire:dragon_flute":3,"biomesoplenty:mahogany_log":4,"alexscaves:smooth_limestone_stairs":2,"minecraft:slime_ball":1,"alexscaves:mussel":121,"alexscaves:subterranodon_egg":6,"iceandfire:cockatrice_skull":3,"alexscaves:spelunkie":5,"minecraft:painting":112,"iceandfire:ice_dragon_flesh":49,"minecraft:lodestone":1,"minecraft:baked_potato":2,"minecraft:hopper":3,"alexscaves:radgill":6,"alexscaves:sea_staff":1,"alexscaves:cave_tablet":5,"minecraft:gilded_blackstone":24,"minecraft:stone_brick_stairs":24,"alexscaves:bioluminesscence":7,"biomesoplenty:fir_trapdoor":1,"travelersbackpack:emerald":1,"iceandfire:sea_serpent_scales_teal":11,"alexscaves:scrap_metal_plate":2,"minecraft:experience_bottle":17,"biomesoplenty:brimstone":20,"alexscaves:magnetic_activator":1,"biomesoplenty:redwood_slab":555,"minecraft:smooth_stone":156,"minecraft:bucket":8,"iceandfire:frost_lily":4,"minecraft:white_tulip":22,"minecraft:rose_bush":3,"minecraft:cobblestone_slab":1,"minecraft:azalea":4,"minecraft:smooth_quartz":1,"iceandfire:dragonscales_red":276,"alexscaves:flytrap":9,"alexscaves:diving_helmet":2,"minecraft:tipped_arrow":22,"iceandfire:ghost_chest":12,"minecraft:acacia_fence":2,"betterarcheology:guardian_fossil_head":1,"biomesoplenty:umbran_planks":543,"minecraft:spruce_stairs":2,"iceandfire:crackled_gravel":9,"minecraft:diorite":28,"alexscaves:sweetish_fish_yellow":2,"another_furniture:white_stool":1,"farmersdelight:tomato_crate":8,"minecraft:rotten_flesh":960,"minecraft:music_disc_ward":1,"iceandfire:crackled_grass":1,"tconstruct:pickadze":4,"minecraft:obsidian":57,"minecraft:cobblestone":4424,"minecraft:leather_chestplate":5,"farmersdelight:onion_crate":1,"minecraft:lilac":22,"minecraft:cherry_planks":6,"minecraft:repeater":13,"farmersdelight:smoked_ham":3,"minecraft:black_bed":2,"minecraft:golden_leggings":2,"minecraft:potato":502,"minecraft:prismarine_bricks":48,"alexscaves:lanternfish":10,"minecraft:dirt":5822,"minecraft:stripped_birch_log":1,"iceandfire:dragonscales_bronze":104,"minecraft:name_tag":7,"minecraft:glass":179,"alexscaves:muck":10,"minecraft:bone":1354,"iceandfire:myrmex_jungle_resin":140,"minecraft:bow":52,"minecraft:wheat_seeds":316,"minecraft:orange_tulip":2,"betterarcheology:archeology_table":1,"minecraft:grindstone":7,"minecraft:mossy_stone_bricks":61,"minecraft:fletching_table":1,"minecraft:bamboo":190,"minecraft:prismarine":27,"iceandfire:amphithere_feather":34,"alexscaves:abyssmarine":30,"alexscaves:uranium":258,"alexscaves:abyssal_altar":2,"minecraft:grass_block":7,"farmersdelight:ham":6,"minecraft:jungle_slab":432,"minecraft:spectral_arrow":12,"minecraft:mossy_cobblestone":38,"iceandfire:dragonegg_red":1,"another_furniture:purple_lamp":3,"minecraft:sugar":6,"alexscaves:diving_chestplate":2,"minecraft:soul_lantern":18,"waystones:waystone":18,"minecraft:cracked_polished_blackstone_bricks":98,"minecraft:crossbow":6,"minecraft:bone_meal":2,"minecraft:golden_apple":4,"minecraft:emerald":38,"minecraft:piglin_banner_pattern":4,"minecraft:netherrack":730,"iceandfire:silver_nugget":684,"alexscaves:cake_layer":49,"minecraft:azure_bluet":2,"minecraft:ladder":1,"minecraft:rabbit_stew":16,"minecraft:brown_mushroom":6,"minecraft:packed_ice":10,"iceandfire:chain":16,"tconstruct:sword":2,"iceandfire:frozen_cobblestone":32,"alexscaves:flood_basalt":55,"minecraft:chain":113,"alexscaves:tectonic_shard":10,"minecraft:shield":1,"minecraft:brick":3,"tconstruct:bloodshroom_log":8,"iceandfire:frozen_stone":53,"minecraft:moss_carpet":11,"minecraft:blackstone":238,"biomesoplenty:black_sand":25,"biomesoplenty:wildflower":8,"biomesoplenty:jacaranda_wood":15,"iceandfire:ice_dragon_heart":6,"iceandfire:dragonscales_gray":43,"iceandfire:troll_tusk":12,"minecraft:note_block":6,"alexscaves:fern_thatch":9,"minecraft:polished_blackstone_bricks":85,"another_furniture:spruce_flower_box":13,"minecraft:music_disc_11":4,"minecraft:cookie":186,"minecraft:trident":5,"alexscaves:gazing_pearl":1,"travelersbackpack:sponge":2,"biomesoplenty:redwood_planks":192,"biomesoplenty:jacaranda_trapdoor":2,"minecraft:weeping_vines":4,"tconstruct:seared_casting_tank":2,"minecraft:pumpkin_pie":59,"biomesoplenty:willow_sapling":4,"minecraft:nether_bricks":37,"crittersandcompanions:silk":14,"alexscaves:block_of_chocolate":4,"minecraft:pink_tulip":12,"minecraft:brick_stairs":3,"minecraft:nether_brick_wall":3,"minecraft:skeleton_skull":10,"crittersandcompanions:dumbo_octopus_bucket":1,"farmersdelight:rich_soil":11,"minecraft:basalt":216,"minecraft:leather":62,"minecraft:music_disc_stal":1,"alexscaves:frosted_gingerbread_door":2,"minecraft:chainmail_chestplate":8,"biomesoplenty:jacaranda_planks":4,"iceandfire:dread_stone_bricks_cracked":106,"minecraft:yellow_bed":10,"minecraft:cobblestone_wall":1,"minecraft:cobbled_deepslate_stairs":3,"minecraft:gunpowder":207,"alexscaves:amber":72,"minecraft:orange_terracotta":1,"tconstruct:fantastic_foundry":1,"minecraft:cooked_mutton":43,"minecraft:gray_carpet":2,"tconstruct:sky_slime_grass_seeds":3,"minecraft:rabbit_hide":29,"minecraft:iron_ingot":853,"alexscaves:radrock":465,"minecraft:cooked_chicken":202,"alexscaves:curly_fern":37,"alexscaves:candy_cane":9,"alexscaves:enigmatic_engine":1,"iceandfire:fire_dragon_flesh":232,"iceandfire:crackled_cobblestone":35,"iceandfire:dragonegg_black":3,"minecraft:emerald_block":15,"iceandfire:dragon_horn":1,"minecraft:stone_brick_slab":14,"alexscaves:fissile_core":17,"iceandfire:ash":48,"minecraft:quartz":83,"minecraft:dandelion":19,"minecraft:lava_bucket":3,"alexscaves:tree_star":13,"minecraft:amethyst_shard":18,"minecraft:green_stained_glass":68,"minecraft:nether_brick_slab":6,"minecraft:spruce_door":2,"minecraft:pumpkin_seeds":45,"minecraft:gray_banner":8,"minecraft:chainmail_leggings":9,"minecraft:cherry_sapling":100,"alexscaves:sea_glass_shards":4,"minecraft:terracotta":1,"minecraft:damaged_anvil":2,"farmersdelight:stove":2,"alexscaves:ancient_sapling":1,"minecraft:wooden_axe":1,"iceandfire:dread_stone_bricks":128,"minecraft:iron_chestplate":2,"minecraft:chainmail_boots":5,"minecraft:creeper_head":3,"minecraft:flower_pot":4,"minecraft:anvil":3,"minecraft:prismarine_shard":48,"minecraft:diamond_sword":5,"minecraft:oak_stairs":16,"minecraft:brown_bed":9,"biomesoplenty:violet":2,"biomesoplenty:umbran_stairs":2,"minecraft:wither_rose":3,"minecraft:brewing_stand":9,"alexscaves:smooth_limestone":8,"minecraft:golden_sword":7,"biomesoplenty:rainbow_birch_sapling":208,"minecraft:amethyst_block":78,"iceandfire:manuscript":789,"tconstruct:earth_slime_dirt":12,"minecraft:soul_soil":306,"alexscaves:rusty_barrel":11,"minecraft:cooked_salmon":1,"travelersbackpack:creeper":1,"minecraft:explorer_pottery_sherd":1,"minecraft:red_nether_bricks":2,"biomesoplenty:tall_lavender":2,"another_furniture:white_tall_stool":2,"minecraft:beetroot":23,"minecraft:gold_nugget":4091,"minecraft:cobbled_deepslate":1452,"minecraft:spruce_planks":104,"alexscaves:cinder_block":11,"minecraft:coal_block":22,"iceandfire:ghost_sword":1,"minecraft:golden_helmet":9,"minecraft:sheaf_pottery_sherd":4,"minecraft:composter":14,"minecraft:green_bed":6,"alexscaves:abyssmarine_tiles":2,"iceandfire:lightning_dragon_flesh":66,"iceandfire:dragonscale_white":3,"minecraft:cherry_log":142,"tconstruct:seared_faucet":1,"alexscaves:gummy_ring_blue":3,"minecraft:rabbit_foot":2,"minecraft:chiseled_nether_bricks":4,"tconstruct:sky_slime_crystal":8,"minecraft:light_gray_bed":2,"biomesoplenty:rose_quartz_chunk":20,"minecraft:tropical_fish":1,"iceandfire:fire_dragon_heart":19,"minecraft:iron_block":15,"tconstruct:earth_slime_crystal_block":107,"biomesoplenty:fir_slab":22,"alexscaves:archaic_vine":13,"alexscaves:midnight_anemone":2,"minecraft:blackstone_stairs":3,"minecraft:birch_log":236,"iceandfire:dragonscales_black":98,"minecraft:magma_block":66,"minecraft:oxidized_copper":4,"minecraft:iron_door":1,"minecraft:birch_slab":193,"minecraft:jungle_log":413,"minecraft:smoker":12,"biomesoplenty:fir_log":2194,"iceandfire:dragonegg_sapphire":2,"alexscaves:ping_pong_sponge":2,"minecraft:map":1,"alexscaves:rusty_scrap_metal":2,"minecraft:brown_candle":1,"minecraft:chipped_anvil":3,"iceandfire:dread_stone_slab":3,"alexscaves:depth_charge":1,"minecraft:glowstone_dust":25,"minecraft:moss_block":5,"tconstruct:sky_slime_sapling":1,"alexscaves:rusty_scrap_metal_plate":1,"another_furniture:spruce_table":18,"alexscaves:nuclear_siren":2,"alexscaves:amber_curiosity":3,"iceandfire:shiny_scales":64,"alexscaves:metal_scaffolding":2,"iceandfire:dragonarmor_iron_neck":1,"minecraft:dark_oak_log":708,"minecraft:red_terracotta":3,"minecraft:barrel":23,"iceandfire:chared_cobblestone":46,"minecraft:dispenser":18,"minecraft:writable_book":3,"alexscaves:sharpened_candy_cane":7,"iceandfire:dragonbone_bow":1,"minecraft:chainmail_helmet":5,"minecraft:bread":80,"iceandfire:gorgon_head":1,"minecraft:plenty_pottery_sherd":5,"minecraft:dark_oak_fence":1,"minecraft:crafting_table":22,"minecraft:coarse_dirt":26,"iceandfire:witherbone":60,"minecraft:nether_wart":7,"minecraft:mourner_pottery_sherd":1,"alexscaves:fiddlehead":2,"alexscaves:gumball_pile":8,"minecraft:snow":92,"biomesoplenty:jacaranda_slab":30,"alexscaves:scrap_metal":2,"minecraft:cracked_stone_bricks":119,"minecraft:cartography_table":6,"iceandfire:hydra_fang":1,"another_furniture:spruce_shelf":12,"minecraft:music_disc_otherside":1,"minecraft:beef":65,"iceandfire:dread_shard":930,"betterarcheology:cracked_mud_bricks":1,"minecraft:iron_nugget":73,"minecraft:chest":182,"iceandfire:dragonscales_electric":30,"minecraft:egg":6,"tconstruct:modifier_worktable":3,"minecraft:sandstone":38,"minecraft:oak_door":10,"alexscaves:geothermal_vent":3,"tconstruct:pickaxe":2,"minecraft:spruce_fence":20,"another_furniture:purple_stool":8,"minecraft:carrot":854,"minecraft:redstone":396,"minecraft:prismarine_crystals":192,"minecraft:tnt":6,"tconstruct:sky_slime_ball":88,"biomesoplenty:blue_hydrangea":4,"biomesoplenty:jacaranda_log":83,"minecraft:beetroot_seeds":52,"minecraft:peony":1,"minecraft:shears":1,"minecraft:deepslate_bricks":48,"minecraft:diamond_boots":5,"minecraft:waxed_oxidized_cut_copper_stairs":3,"minecraft:gold_ingot":3,"etched:etching_table":3,"minecraft:glow_berries":7,"minecraft:white_wool":36,"minecraft:stripped_oak_log":35,"biomesoplenty:black_sandstone":59,"alexscaves:pewen_log":31,"minecraft:red_mushroom":16,"minecraft:ochre_froglight":49,"minecraft:filled_map":1,"alexscaves:depth_glass":39,"another_furniture:purple_sofa":2,"iceandfire:hippogryph_talon":1,"minecraft:oak_log":272,"minecraft:jungle_button":3,"minecraft:ancient_debris":1,"minecraft:golden_boots":11,"iceandfire:dragonscales_blue":137,"minecraft:white_banner":1,"farmersdelight:organic_compost":5,"biomesoplenty:stripped_fir_log":2,"minecraft:stone_bricks":161,"alexscaves:immortal_embryo":1,"iceandfire:pixie_jar_empty":32,"minecraft:kelp":23,"alexscaves:cooked_dinosaur_chop":81,"iceandfire:troll_leather_frost":6,"iceandfire:dread_stone_stairs":2,"minecraft:glass_bottle":4,"minecraft:iron_sword":1,"minecraft:flowering_azalea":3,"biomesoplenty:umbran_log":797,"iceandfire:chared_stone":37,"minecraft:prismarine_brick_stairs":2,"minecraft:dark_oak_slab":350,"minecraft:spyglass":1,"minecraft:gravel":699,"another_furniture:spruce_drawer":5,"minecraft:spruce_sapling":188,"minecraft:spruce_log":636,"biomesoplenty:jacaranda_leaves":718,"iceandfire:dragonscales_copper":270,"alexscaves:pearl":69,"biomesoplenty:maple_sapling":2,"minecraft:purple_bed":1,"betterarcheology:rotten_door":1,"minecraft:stone_axe":3,"iceandfire:silver_sword":1,"alexscaves:pine_nuts":11,"betterarcheology:creeper_fossil_head":7,"minecraft:diamond_axe":1,"iceandfire:dragonforge_ice_input":3,"alexscaves:rusty_scaffolding":9,"tconstruct:seared_melter":5,"minecraft:gray_wool":3,"minecraft:oak_button":6,"alexscaves:cave_map":3,"minecraft:melon_seeds":14,"minecraft:crimson_nylium":5,"minecraft:ender_pearl":35,"minecraft:wheat":221,"minecraft:iron_trapdoor":2,"iceandfire:dragonforge_lightning_brick":2,"minecraft:potion":3,"minecraft:nether_brick":23,"minecraft:raw_copper":361,"minecraft:smooth_stone_slab":8,"minecraft:iron_leggings":3,"alexscaves:acidic_radrock":1,"minecraft:sticky_piston":17,"minecraft:zombie_head":3,"tconstruct:ichor_slime_crystal_block":135,"minecraft:oak_sign":7,"minecraft:activator_rail":4,"farmersdelight:cabbage":21,"biomesoplenty:fir_planks":266,"minecraft:redstone_torch":1,"betterarcheology:villager_fossil":1,"minecraft:calcite":65,"iceandfire:dragonforge_fire_core_disabled":1,"farmersdelight:cabbage_seeds":48,"minecraft:iron_boots":9,"minecraft:furnace":7,"iceandfire:pixie_dust":53,"minecraft:stick":1364,"alexscaves:limestone_spear":2,"iceandfire:crackled_dirt":6,"farmersdelight:rotten_tomato":2,"minecraft:oak_fence":32,"minecraft:torch":120,"iceandfire:dragonscales_white":27,"iceandfire:dread_sword":7,"waystones:white_sharestone":5,"alexscaves:heavy_bone":46,"minecraft:porkchop":69,"minecraft:dried_kelp":11,"iceandfire:lightning_dragon_blood":10,"minecraft:pointed_dripstone":10,"minecraft:light_gray_banner":14,"minecraft:green_banner":2,"alexscaves:diving_boots":1,"minecraft:cactus":9,"travelersbackpack:chicken":1,"minecraft:cod":65,"minecraft:nautilus_shell":3,"minecraft:magma_cream":36,"iceandfire:dragonscale_red":3,"minecraft:tuff":164,"etched:music_label":110,"minecraft:lapis_lazuli":233,"minecraft:weathered_cut_copper":1,"minecraft:leather_boots":6,"minecraft:deepslate_brick_slab":30,"minecraft:raw_gold":185,"minecraft:bell":4,"minecraft:light_blue_dye":1,"betterarcheology:guardian_fossil_body":3,"minecraft:powered_rail":9,"minecraft:oak_planks":497,"minecraft:ghast_tear":2,"iceandfire:dragonforge_fire_brick":7,"tconstruct:necrotic_bone":3,"minecraft:pink_concrete":2,"minecraft:black_terracotta":15,"minecraft:cooked_porkchop":6,"minecraft:music_disc_13":1,"betterarcheology:evoker_trap":7,"betterarcheology:artifact_shards":15,"minecraft:poisonous_potato":12,"minecraft:jungle_planks":8,"minecraft:sand":2060,"minecraft:dark_prismarine":11,"alexscaves:radon_bottle":4,"iceandfire:dragon_bone_block":16,"minecraft:dark_prismarine_slab":4,"tconstruct:seared_basin":4,"minecraft:diamond":139,"iceandfire:dread_stone_bricks_mossy":27,"iceandfire:dragon_ice":2,"biomesoplenty:pink_daffodil":1,"minecraft:oak_sapling":504,"minecraft:cocoa_beans":26,"minecraft:lingering_potion":9,"minecraft:fishing_rod":5,"minecraft:charcoal":30,"minecraft:allium":68,"minecraft:chicken":21,"minecraft:chest_minecart":3,"minecraft:turtle_helmet":1,"iceandfire:fire_lily":6,"tconstruct:skyroot_log":4,"minecraft:wooden_pickaxe":1,"minecraft:gold_block":50,"alexscaves:dinosaur_nugget":158,"alexscaves:cave_codex":1,"minecraft:iron_axe":1,"minecraft:orange_concrete":5,"minecraft:item_frame":34,"alexscaves:dinosaur_chop":11,"minecraft:cyan_carpet":6,"minecraft:detector_rail":4,"minecraft:dark_prismarine_stairs":1,"minecraft:observer":1,"tconstruct:dagger":4,"minecraft:lectern":88,"minecraft:sugar_cane":77,"farmersdelight:golden_knife":2,"minecraft:spruce_trapdoor":22,"crittersandcompanions:clam":6,"minecraft:phantom_membrane":19,"minecraft:dark_oak_sapling":86,"minecraft:raw_iron":89,"tconstruct:raw_cobalt":15,"iceandfire:dragonbone":1062,"iceandfire:dragonscales_green":16,"minecraft:music_disc_relic":2,"minecraft:copper_ingot":34,"another_furniture:spruce_shutter":19,"minecraft:bowl":2,"biomesoplenty:wilted_lily":11,"iceandfire:dragonegg_amythest":1,"minecraft:dark_oak_planks":29,"minecraft:arrow":1004,"iceandfire:silver_ingot":24,"iceandfire:sea_serpent_scales_purple":14,"iceandfire:cyclops_eye":2,"biomesoplenty:umbran_sapling":188,"minecraft:golden_hoe":1,"alexscaves:pewen_wood":1,"alexscaves:spelunkery_table":7,"tconstruct:blood_slime_fern":2,"minecraft:saddle":1,"minecraft:lime_stained_glass":10,"minecraft:wet_sponge":14,"minecraft:air":0,"minecraft:glow_ink_sac":14,"minecraft:salmon":63,"alexscaves:rusty_rebar":1,"minecraft:birch_planks":659,"minecraft:mushroom_stew":1,"alexscaves:limestone":164,"minecraft:cobblestone_stairs":24,"iceandfire:ectoplasm":35,"iceandfire:dragonegg_gray":3,"minecraft:nether_wart_block":7,"alexscaves:drain":1,"iceandfire:dragon_stick":2,"alexscaves:licoroot_sprout":2,"minecraft:acacia_sapling":5,"minecraft:oxidized_cut_copper":3,"minecraft:soul_sand":289,"minecraft:book":156,"minecraft:oak_slab":33,"minecraft:scaffolding":1,"iceandfire:dragon_ice_spikes":154,"minecraft:pumpkin":11,"alexscaves:pewen_door":1,"minecraft:chiseled_stone_bricks":34,"minecraft:magenta_stained_glass_pane":6,"minecraft:blast_furnace":16,"minecraft:white_bed":13,"alexscaves:abyssmarine_bricks":30,"minecraft:spider_eye":85,"minecraft:music_disc_mall":1,"minecraft:iron_helmet":8,"iceandfire:sea_serpent_scales_red":8,"tconstruct:blood_slime_leaves":18,"minecraft:black_wool":3,"minecraft:coal":836},"minecraft:custom":{"minecraft:interact_with_crafting_table":333,"minecraft:damage_blocked_by_shield":451,"minecraft:play_time":4562399,"minecraft:deaths":94,"minecraft:jump":50523,"minecraft:interact_with_smoker":1,"minecraft:inspect_dispenser":8,"minecraft:interact_with_anvil":118,"minecraft:inspect_hopper":2,"minecraft:tune_noteblock":3,"minecraft:time_since_rest":379142,"minecraft:swim_one_cm":1154176,"minecraft:open_chest":3497,"minecraft:play_noteblock":6,"minecraft:talked_to_villager":593,"minecraft:interact_with_brewingstand":1,"minecraft:boat_one_cm":9140,"minecraft:damage_taken":2147483647,"minecraft:open_barrel":202,"minecraft:leave_game":33,"minecraft:time_since_death":2502288,"minecraft:enchant_item":17,"minecraft:interact_with_furnace":113,"minecraft:traded_with_villager":12858,"minecraft:sleep_in_bed":102,"minecraft:damage_dealt":218003,"waystones:waystone_activated":21,"minecraft:interact_with_smithing_table":3,"minecraft:damage_dealt_absorbed":450,"minecraft:sneak_time":210076,"minecraft:interact_with_lectern":6,"minecraft:interact_with_blast_furnace":2,"minecraft:total_world_time":4562399,"minecraft:fly_one_cm":9806038,"minecraft:fish_caught":91,"minecraft:fall_one_cm":1135236,"minecraft:animals_bred":3,"minecraft:sprint_one_cm":6312492,"minecraft:drop":1986,"minecraft:walk_on_water_one_cm":346986,"minecraft:interact_with_loom":47,"minecraft:crouch_one_cm":593737,"minecraft:mob_kills":2797,"minecraft:climb_one_cm":20107,"minecraft:walk_one_cm":8030333,"minecraft:walk_under_water_one_cm":1064735,"minecraft:raid_trigger":1,"minecraft:pot_flower":9,"minecraft:interact_with_grindstone":8,"minecraft:damage_absorbed":240,"minecraft:trigger_trapped_chest":14},"minecraft:broken":{"minecraft:diamond_helmet":2,"minecraft:iron_leggings":1,"minecraft:diamond_shovel":1,"minecraft:diamond_pickaxe":2,"minecraft:iron_pickaxe":5,"minecraft:iron_shovel":7,"minecraft:stone_pickaxe":4,"minecraft:diamond_boots":2,"minecraft:diamond_chestplate":1,"minecraft:diamond_axe":2,"minecraft:iron_boots":1,"minecraft:iron_chestplate":1,"minecraft:stone_sword":1,"minecraft:iron_helmet":1}},"DataVersion":3465}