{"stats":{"minecraft:dropped":{"minecraft:iron_sword":1,"minecraft:cooked_beef":1,"crittersandcompanions:clam":1,"alexscaves:curly_fern":9,"minecraft:lime_stained_glass":5,"minecraft:rail":2,"minecraft:leather_helmet":2,"minecraft:dirt":160,"minecraft:chain":4,"alexscaves:dinosaur_nugget":158,"minecraft:phantom_membrane":2,"iceandfire:dragon_horn":1,"iceandfire:armor_copper_metal_boots":1,"biomesoplenty:wilted_lily":2,"minecraft:sand":576,"minecraft:iron_pickaxe":1,"minecraft:dark_oak_planks":20,"minecraft:fishing_rod":1,"tconstruct:large_plate":1,"minecraft:white_wool":6,"minecraft:stone_axe":1,"minecraft:ancient_debris":1,"minecraft:iron_nugget":6,"minecraft:golden_chestplate":3,"minecraft:cobbled_deepslate":14,"minecraft:nether_brick":23,"alexscaves:cave_tablet":16,"minecraft:rotten_flesh":73,"minecraft:oak_planks":3,"tconstruct:pickadze":1,"tconstruct:mighty_smelting":1,"minecraft:jungle_log":11,"alexscaves:pewen_door":2,"minecraft:leather_boots":2,"minecraft:leather_leggings":2,"minecraft:glass":62,"minecraft:beef":13,"another_furniture:spruce_chair":4,"tconstruct:dagger":1,"minecraft:golden_boots":1,"minecraft:iron_ingot":4,"minecraft:wheat_seeds":83,"tconstruct:tool_handle":1,"alexscaves:pewen_fence":1,"alexscaves:limestone_spear":12,"minecraft:feather":1,"minecraft:cobblestone":180,"tconstruct:scorched_brick":6,"iceandfire:dragon_stick":1,"minecraft:polished_blackstone_stairs":5,"minecraft:iron_trapdoor":1,"biomesoplenty:brimstone":4,"minecraft:diamond_helmet":1,"alexscaves:limestone":3,"minecraft:paper":28,"minecraft:string":12,"tconstruct:earth_congealed_slime":14,"biomesoplenty:dried_salt":4,"minecraft:moss_carpet":3,"minecraft:stone_sword":2,"alexscaves:smooth_limestone_slab":2,"minecraft:bowl":6,"tconstruct:earth_slime_dirt":2,"minecraft:chicken":1,"iceandfire:dragonsteel_ice_shovel":1,"minecraft:clay_ball":116,"alexscaves:cave_codex":1,"iceandfire:armor_copper_metal_helmet":1,"minecraft:diamond_sword":1,"minecraft:stone":25,"minecraft:spider_eye":5,"minecraft:sandstone":6,"farmersdelight:ham":1,"tconstruct:sky_slime_dirt":17,"minecraft:soul_sand":1,"minecraft:moss_block":21,"minecraft:dark_oak_stairs":1,"minecraft:diamond_axe":1,"minecraft:ender_pearl":1,"minecraft:lime_terracotta":6,"minecraft:lantern":1,"minecraft:chest_minecart":2,"minecraft:birch_slab":64,"minecraft:flint":9,"alexscaves:cave_map":2,"minecraft:polished_blackstone_bricks":5,"minecraft:gravel":4,"minecraft:blackstone":2,"iceandfire:ghost_sword":1,"alexscaves:pewen_sapling":8,"tconstruct:modifier_worktable":1,"tconstruct:pick_head":1,"minecraft:leather_chestplate":3,"minecraft:gunpowder":2,"tconstruct:earth_sky_slime_grass":16,"minecraft:basalt":3,"minecraft:arrow":2,"iceandfire:armor_copper_metal_leggings":3,"minecraft:water_bucket":1,"minecraft:bread":64,"minecraft:golden_helmet":3,"minecraft:mossy_cobblestone":1,"iceandfire:armor_copper_metal_chestplate":2,"minecraft:golden_axe":1,"minecraft:nether_brick_wall":3,"minecraft:spruce_stairs":2,"minecraft:stick":11,"minecraft:torch":4,"iceandfire:lightning_lily":1,"minecraft:bucket":7,"alexscaves:extinction_spear":1,"minecraft:smooth_basalt":4,"betterarcheology:villager_fossil":1,"minecraft:tuff":30,"minecraft:raw_iron":3,"farmersdelight:cabbage_seeds":14,"minecraft:iron_hoe":1,"alexscaves:ominous_catalyst":3,"alexscaves:tectonic_shard":9,"minecraft:filled_map":1,"minecraft:shield":1,"minecraft:golden_sword":1,"minecraft:slime_ball":28,"minecraft:stone_pickaxe":4,"minecraft:calcite":3,"tconstruct:plate_shield":1},"minecraft:used":{"minecraft:moss_block":1,"farmersdelight:onion_crate":1,"iceandfire:armor_copper_boots":1,"minecraft:spruce_slab":71,"farmersdelight:cabbage_seeds":54,"minecraft:chest":197,"alexscaves:primal_magma":8,"minecraft:soul_sand":3,"tconstruct:sword":87,"alexscaves:ambersol":4,"tconstruct:scorched_fuel_tank":1,"minecraft:allium":14,"tconstruct:molten_cobalt_bucket":2,"minecraft:snowball":19,"minecraft:weeping_vines":4,"minecraft:jungle_sapling":59,"minecraft:lava_bucket":2,"iceandfire:dragonegg_electric":2,"minecraft:grass_block":1,"etched:etching_table":1,"another_furniture:red_sofa":3,"tconstruct:seared_faucet":17,"farmersdelight:rotten_tomato":1,"minecraft:stone_brick_stairs":586,"iceandfire:ghost_chest":1,"tconstruct:flint_shuriken":46,"biomesoplenty:jacaranda_sapling":162,"minecraft:bow":262,"tconstruct:seared_casting_tank":3,"tconstruct:tinkers_anvil":1,"minecraft:furnace":31,"minecraft:oak_sapling":78,"minecraft:egg":16,"minecraft:potato":88,"alexscaves:smooth_limestone":1,"minecraft:blackstone":139,"minecraft:wooden_pickaxe":59,"tconstruct:sky_sky_slime_grass":3,"biomesoplenty:rainbow_birch_sapling":61,"minecraft:glow_berries":24,"minecraft:golden_apple":1,"another_furniture:spruce_shutter":8,"minecraft:blast_furnace":6,"minecraft:pumpkin_seeds":24,"minecraft:lightning_rod":5,"tconstruct:dagger":1,"iceandfire:lightning_dragon_flesh":1,"minecraft:crying_obsidian":13,"minecraft:birch_slab":756,"alexscaves:abyssmarine":3,"tconstruct:seared_ingot_tank":4,"minecraft:soul_lantern":98,"minecraft:diamond_sword":283,"globalxp:xp_block":6,"minecraft:smithing_table":3,"another_furniture:red_tall_stool":3,"alexscaves:green_soylent":1,"minecraft:stone_sword":261,"minecraft:enchanting_table":2,"alexscaves:amber_monolith":1,"minecraft:netherrack":106,"minecraft:orange_bed":2,"minecraft:torch":760,"tconstruct:seared_drain":1,"minecraft:anvil":1,"alexscaves:pewen_sapling":3,"minecraft:oak_fence_gate":3,"tconstruct:seared_heater":4,"another_furniture:jungle_chair":4,"minecraft:chipped_anvil":6,"alexscaves:sea_staff":234,"minecraft:jungle_log":6,"travelersbackpack:cactus":2,"biomesoplenty:jacaranda_log":699,"minecraft:barrel":2,"minecraft:melon_seeds":13,"minecraft:diamond_chestplate":1,"minecraft:basalt":45,"tconstruct:cast_chest":1,"minecraft:iron_trapdoor":1,"minecraft:oxidized_copper":1,"farmersdelight:tomato_seeds":78,"waystones:white_sharestone":3,"minecraft:cobbled_deepslate":221,"minecraft:golden_axe":2,"minecraft:wheat_seeds":290,"minecraft:water_bucket":269,"minecraft:birch_planks":476,"minecraft:polished_blackstone_bricks":56,"minecraft:lime_terracotta":54,"minecraft:red_bed":4,"minecraft:crafting_table":43,"minecraft:oak_slab":7,"minecraft:spruce_log":1740,"minecraft:oak_log":296,"minecraft:blue_stained_glass_pane":16,"minecraft:diamond_pickaxe":5472,"minecraft:cornflower":11,"minecraft:diamond_shovel":7953,"travelersbackpack:creeper":3,"alexscaves:extinction_spear":6,"tconstruct:seared_table":5,"tconstruct:part_chest":2,"minecraft:iron_pickaxe":583,"iceandfire:dragon_horn":30,"another_furniture:spruce_flower_box":26,"iceandfire:dragonsteel_ice_sword":365,"minecraft:spruce_sapling":107,"tconstruct:seared_channel":3,"iceandfire:dragonsteel_ice_shovel":820,"minecraft:cobblestone":2045,"minecraft:potion":2,"tconstruct:seared_melter":10,"minecraft:cooked_porkchop":1,"minecraft:glass_pane":102,"betterarcheology:villager_fossil":3,"minecraft:dandelion":13,"minecraft:candle":3,"minecraft:moss_carpet":3,"iceandfire:ghost_sword":221,"minecraft:diamond_hoe":408,"minecraft:shield":77,"minecraft:iron_sword":58,"minecraft:creeper_head":1,"minecraft:green_terracotta":51,"minecraft:oxidized_cut_copper":2,"tconstruct:seared_fuel_tank":2,"tconstruct:zombified_piglin_head":4,"another_furniture:red_curtain":23,"alexscaves:flood_basalt":2,"minecraft:nether_bricks":66,"minecraft:carrot":153,"minecraft:tuff":1,"minecraft:obsidian":14,"minecraft:glass":16,"another_furniture:white_sofa":6,"minecraft:lantern":72,"alexscaves:amber":39,"alexscaves:pewen_log":1,"minecraft:stone_bricks":1059,"minecraft:redstone_lamp":1,"another_furniture:white_tall_stool":5,"minecraft:red_carpet":23,"another_furniture:red_stool":3,"minecraft:magma_block":12,"minecraft:beetroot_seeds":44,"tconstruct:smeltery_controller":2,"another_furniture:spruce_chair":6,"minecraft:dark_oak_sapling":13,"alexscaves:depth_glass":3,"travelersbackpack:cow":1,"minecraft:stone_pickaxe":316,"minecraft:oak_planks":1047,"minecraft:sugar_cane":21,"minecraft:diamond_axe":4430,"farmersdelight:organic_compost":20,"tconstruct:scorched_ingot_tank":6,"alexscaves:cave_book":3,"etched:album_jukebox":2,"minecraft:crossbow":13,"minecraft:note_block":1,"minecraft:stone_brick_wall":51,"minecraft:shears":952,"tconstruct:seared_stone_bucket":1,"tconstruct:scorched_table":1,"tconstruct:sky_slime_grass_seeds":5,"waystones:waystone":2,"minecraft:lever":12,"iceandfire:armor_copper_metal_chestplate":1,"alexscaves:rusty_scrap_metal_plate":1,"tconstruct:sky_slime_sapling":1,"minecraft:bread":145,"tconstruct:scorched_faucet":1,"minecraft:iron_door":1,"minecraft:gravel":36,"tconstruct:tinkers_chest":2,"biomesoplenty:dried_salt":32,"minecraft:grindstone":3,"minecraft:chain":14,"minecraft:chest_minecart":2,"minecraft:coarse_dirt":10,"biomesoplenty:jacaranda_leaves":556,"minecraft:bone_meal":348,"tconstruct:plate_shield":28,"tconstruct:longbow":17,"minecraft:oak_fence":72,"minecraft:white_tulip":10,"biomesoplenty:brimstone":6,"minecraft:flint_and_steel":3,"minecraft:stone_shovel":133,"minecraft:spruce_planks":12,"farmersdelight:rich_soil":12,"another_furniture:white_stool":7,"minecraft:cooked_chicken":220,"simpletomb:grave_key":17,"minecraft:dirt":7734,"iceandfire:dragonsteel_ice_pickaxe":688,"tconstruct:seared_bricks":62,"alexscaves:limestone_spear":86,"minecraft:golden_chestplate":1,"farmersdelight:rope":6,"minecraft:iron_hoe":369,"minecraft:birch_door":9,"minecraft:wooden_axe":105,"minecraft:stone_brick_slab":1083,"minecraft:bookshelf":60,"another_furniture:spruce_shelf":33,"biomesoplenty:jacaranda_wood":246,"minecraft:oak_stairs":102,"tconstruct:tinker_station":1,"tconstruct:blood_ichor_slime_grass":2,"minecraft:iron_boots":1,"betterarcheology:guardian_fossil":3,"alexscaves:spelunkery_table":4,"tconstruct:pickadze":8,"travelersbackpack:sponge":2,"minecraft:cooked_beef":4,"tconstruct:part_builder":2,"biomesoplenty:dead_log":1,"tconstruct:copper_gauge":1,"alexscaves:dinosaur_nugget":7,"minecraft:cooked_mutton":35,"another_furniture:cyan_lamp":1,"tconstruct:modifier_worktable":3,"minecraft:pink_tulip":5,"minecraft:cobblestone_stairs":3,"minecraft:glass_bottle":1,"minecraft:red_nether_bricks":2,"tconstruct:scorched_alloyer":1,"minecraft:stonecutter":3,"farmersdelight:onion":4,"tconstruct:seared_basin":6,"minecraft:painting":108,"minecraft:dark_oak_door":6,"biomesoplenty:wildflower":1,"minecraft:smoker":9,"alexscaves:pewen_planks":4,"minecraft:cracked_polished_blackstone_bricks":12,"iceandfire:dragonbone_bow":67,"iceandfire:dragonsteel_ice_axe":145,"iceandfire:ash":2,"another_furniture:spruce_drawer":9,"minecraft:stone_axe":86,"crittersandcompanions:dumbo_octopus_bucket":1,"minecraft:fishing_rod":2,"minecraft:bucket":311,"tconstruct:cleaver":69,"minecraft:yellow_bed":1,"minecraft:wither_rose":1,"alexscaves:cooked_dinosaur_chop":1,"another_furniture:spruce_table":39,"iceandfire:dragonsteel_ice_chestplate":1,"minecraft:birch_stairs":83},"minecraft:killed":{"minecraft:cave_spider":5,"tconstruct:sky_slime":38,"minecraft:skeleton":112,"alexscaves:radgill":1,"alexscaves:hullbreaker":1,"minecraft:chicken":14,"minecraft:magma_cube":36,"alexscaves:deep_one_knight":2,"minecraft:salmon":1,"iceandfire:cockatrice":4,"minecraft:zombie":141,"alexscaves:trilocaris":3,"iceandfire:sea_serpent":1,"minecraft:cow":17,"alexscaves:brainiac":2,"alexscaves:deep_one":8,"crittersandcompanions:dragonfly":2,"minecraft:horse":6,"iceandfire:siren":2,"minecraft:wandering_trader":1,"iceandfire:ghost":12,"alexscaves:grottoceratops":25,"minecraft:enderman":10,"minecraft:witch":2,"minecraft:zombified_piglin":5,"minecraft:spider":19,"minecraft:silverfish":4,"minecraft:piglin_brute":18,"minecraft:piglin":26,"minecraft:pig":12,"minecraft:zombie_villager":4,"alexscaves:deep_one_mage":3,"minecraft:creeper":57,"minecraft:sheep":32,"minecraft:trader_llama":3,"minecraft:ghast":1,"alexscaves:tremorsaurus":1,"alexscaves:vallumraptor":18,"minecraft:vex":3,"minecraft:slime":3,"alexscaves:nucleeper":3,"minecraft:phantom":5,"iceandfire:dread_thrall":3,"minecraft:drowned":12,"alexscaves:atlatitan":2,"crittersandcompanions:ferret":1,"minecraft:hoglin":2,"alexscaves:subterranodon":6,"minecraft:wither_skeleton":2,"minecraft:player":1},"minecraft:mined":{"minecraft:dark_oak_planks":5,"alexscaves:magnetic_activator":1,"tconstruct:sky_slime_crystal_block":50,"alexscaves:midnight_anemone":2,"biomesoplenty:brimstone":26,"alexscaves:limestone":47,"minecraft:obsidian":14,"minecraft:stone_brick_wall":3,"minecraft:jungle_log":6,"minecraft:coal_block":1,"tconstruct:part_chest":1,"alexscaves:muck":6,"tconstruct:scorched_alloyer":1,"minecraft:chiseled_stone_bricks":11,"minecraft:spawner":9,"alexscaves:cave_painting_footprint":1,"minecraft:weeping_vines_plant":35,"minecraft:polished_blackstone_bricks":60,"minecraft:tall_seagrass":4,"minecraft:magma_block":63,"tconstruct:ichor_slime_dirt":3,"minecraft:cobbled_deepslate":51,"minecraft:barrel":16,"minecraft:fire":60,"tconstruct:cobalt_ore":2,"minecraft:moss_carpet":5,"tconstruct:seared_melter":9,"minecraft:pumpkin":16,"minecraft:deepslate_lapis_ore":2,"minecraft:enchanting_table":2,"iceandfire:gold_pile":281,"minecraft:water_cauldron":1,"minecraft:dirt_path":52,"minecraft:cave_vines":31,"minecraft:oak_stairs":24,"tconstruct:sky_slime_fern":1,"another_furniture:spruce_shutter":8,"farmersdelight:rich_soil_farmland":14,"minecraft:orange_bed":1,"alexscaves:tube_worm":16,"biomesoplenty:jacaranda_leaves":989,"tconstruct:part_builder":1,"tconstruct:large_ichor_slime_crystal_bud":1,"alexscaves:amber":117,"tconstruct:sky_sky_slime_grass":3,"minecraft:red_bed":3,"minecraft:soul_fire":5,"minecraft:powder_snow":6,"etched:album_jukebox":2,"minecraft:torch":164,"minecraft:note_block":2,"minecraft:dark_oak_wood":5,"minecraft:oxidized_copper":1,"minecraft:melon":8,"iceandfire:sapphire_ore":3,"farmersdelight:cabbages":3,"minecraft:glass":1,"minecraft:damaged_anvil":1,"minecraft:skeleton_skull":2,"tconstruct:budding_sky_slime_crystal":3,"minecraft:chain":10,"another_furniture:red_curtain":15,"tconstruct:seared_faucet":16,"minecraft:wheat":35,"tconstruct:scorched_ingot_tank":6,"tconstruct:earth_slime_dirt":3,"biomesoplenty:large_rose_quartz_bud":4,"minecraft:birch_door":5,"minecraft:stone_brick_stairs":83,"minecraft:wither_rose":2,"minecraft:grass":325,"minecraft:dark_oak_sapling":1,"minecraft:smooth_basalt":3,"minecraft:stonecutter":2,"biomesoplenty:jacaranda_wood":28,"alexscaves:flood_basalt":2,"another_furniture:spruce_shelf":5,"minecraft:deepslate":893,"biomesoplenty:reed":1,"another_furniture:white_stool":4,"travelersbackpack:creeper":2,"minecraft:dark_prismarine":1,"alexscaves:primal_magma":175,"iceandfire:silver_ore":27,"minecraft:mossy_cobblestone":9,"alexscaves:radrock":9,"minecraft:nether_brick_wall":3,"farmersdelight:wild_carrots":11,"biomesoplenty:desert_grass":60,"minecraft:dark_oak_log":3,"minecraft:nether_bricks":23,"tconstruct:modifier_worktable":2,"minecraft:allium":13,"minecraft:spruce_fence":2,"betterarcheology:guardian_fossil":3,"iceandfire:deepslate_silver_ore":6,"biomesoplenty:dead_grass":3,"minecraft:moss_block":16,"minecraft:black_stained_glass_pane":4,"alexscaves:mussel":70,"biomesoplenty:jacaranda_log":155,"minecraft:redstone_ore":11,"minecraft:jungle_sapling":7,"tconstruct:scorched_fuel_tank":1,"minecraft:snow":51,"iceandfire:chared_gravel":1,"minecraft:potatoes":3,"minecraft:vine":23,"biomesoplenty:rainbow_birch_leaves":14,"minecraft:cobblestone_slab":3,"etched:etching_table":1,"biomesoplenty:barley":36,"tconstruct:earth_congealed_slime":76,"biomesoplenty:rose_quartz_cluster":6,"minecraft:bone_block":72,"minecraft:smithing_table":2,"minecraft:birch_stairs":59,"minecraft:oak_slab":3,"minecraft:glass_pane":18,"minecraft:soul_sand":38,"minecraft:stone_brick_slab":176,"minecraft:dandelion":1,"alexscaves:flytrap":3,"minecraft:emerald_ore":41,"minecraft:campfire":4,"another_furniture:spruce_table":18,"minecraft:lightning_rod":5,"minecraft:copper_ore":63,"minecraft:tall_grass":103,"tconstruct:seared_ingot_tank":4,"tconstruct:seared_casting_tank":2,"minecraft:deepslate_gold_ore":39,"minecraft:big_dripleaf":9,"minecraft:coarse_dirt":37,"tconstruct:smeltery_controller":1,"minecraft:trapped_chest":1,"alexscaves:depth_glass":3,"tconstruct:blood_ichor_slime_grass":2,"minecraft:creeper_head":2,"alexscaves:rusty_barrel":9,"globalxp:xp_block":6,"minecraft:spruce_log":397,"iceandfire:silver_pile":17,"alexscaves:cycad":18,"minecraft:gravel":733,"minecraft:cobweb":118,"minecraft:stone_bricks":232,"minecraft:iron_trapdoor":2,"minecraft:gold_ore":3,"minecraft:chipped_anvil":3,"minecraft:infested_stone":4,"minecraft:fern":9,"tconstruct:sky_congealed_slime":19,"minecraft:spruce_planks":17,"iceandfire:graveyard_soil":15,"minecraft:oak_sapling":3,"farmersdelight:rich_soil":21,"minecraft:farmland":280,"tconstruct:scorched_table":1,"minecraft:cobbled_deepslate_stairs":4,"tconstruct:tinker_station":1,"minecraft:cobblestone_stairs":9,"minecraft:orange_stained_glass":1,"tconstruct:seared_bricks":20,"minecraft:spruce_trapdoor":10,"minecraft:cave_vines_plant":27,"biomesoplenty:umbran_planks":10,"minecraft:grass_block":5490,"tconstruct:seared_channel":3,"minecraft:cracked_polished_blackstone_bricks":44,"minecraft:soul_soil":79,"biomesoplenty:blackstone_bulb":2,"tconstruct:seared_table":4,"minecraft:smooth_stone":5,"minecraft:glowstone":44,"another_furniture:jungle_chair":5,"minecraft:iron_ore":123,"minecraft:anvil":1,"tconstruct:seared_fuel_tank":1,"alexscaves:amber_monolith":1,"tconstruct:tinkers_chest":1,"minecraft:dark_oak_stairs":1,"minecraft:iron_bars":75,"alexscaves:ambersol":5,"alexscaves:rusty_scrap_metal_plate":4,"tconstruct:zombified_piglin_head":3,"minecraft:azalea":12,"tconstruct:sky_slime_dirt":17,"tconstruct:ichor_congealed_slime":20,"minecraft:spruce_slab":2,"iceandfire:chared_cobblestone":24,"minecraft:deepslate_redstone_ore":104,"biomesoplenty:medium_rose_quartz_bud":1,"alexscaves:pewen_planks":4,"another_furniture:spruce_flower_box":2,"minecraft:blackstone":108,"farmersdelight:organic_compost":15,"another_furniture:white_tall_stool":2,"biomesoplenty:wildflower":38,"iceandfire:dragon_ice_spikes":14,"minecraft:soul_lantern":32,"minecraft:clay":372,"minecraft:calcite":31,"another_furniture:spruce_chair":3,"minecraft:poppy":3,"iceandfire:ghost_chest":1,"minecraft:chest":82,"minecraft:nether_quartz_ore":85,"minecraft:cobblestone":1582,"minecraft:grindstone":3,"minecraft:oak_planks":385,"minecraft:iron_door":1,"minecraft:wall_torch":73,"minecraft:seagrass":5,"minecraft:dark_oak_door":2,"tconstruct:earth_sky_slime_grass":16,"minecraft:oak_log":91,"minecraft:beetroots":4,"minecraft:dirt":1645,"tconstruct:copper_gauge":1,"minecraft:sand":350,"tconstruct:seared_heater":3,"alexscaves:unrefined_waste":1,"minecraft:netherrack":93,"minecraft:oak_leaves":48,"minecraft:redstone_lamp":1,"iceandfire:chared_stone":27,"betterarcheology:villager_fossil":3,"iceandfire:lightning_lily":1,"minecraft:nether_gold_ore":3,"alexscaves:spelunkery_table":9,"minecraft:diamond_ore":5,"minecraft:tuff":61,"minecraft:red_carpet":10,"farmersdelight:onions":4,"minecraft:candle":1,"minecraft:dark_oak_leaves":19,"minecraft:deepslate_diamond_ore":44,"minecraft:blackstone_wall":2,"iceandfire:frozen_cobblestone":5,"minecraft:glow_lichen":1,"minecraft:lever":4,"biomesoplenty:bush":14,"iceandfire:frozen_stone":5,"minecraft:weeping_vines":6,"farmersdelight:tomatoes":2,"minecraft:birch_slab":54,"minecraft:spruce_leaves":3,"biomesoplenty:jacaranda_sapling":13,"minecraft:large_fern":5,"minecraft:hay_block":54,"alexscaves:radrock_uranium_ore":99,"minecraft:spore_blossom":1,"minecraft:oxidized_cut_copper":2,"minecraft:spruce_sapling":3,"minecraft:furnace":22,"minecraft:carrots":11,"tconstruct:sky_earth_slime_grass":92,"treechop:chopped_log":302,"minecraft:peony":31,"minecraft:gold_block":3,"farmersdelight:rope":1,"minecraft:bookshelf":80,"minecraft:deepslate_iron_ore":48,"minecraft:lantern":15,"crittersandcompanions:silk_cocoon":1,"tconstruct:budding_ichor_slime_crystal":9,"alexscaves:curly_fern":7,"minecraft:stone":2025,"tconstruct:ichor_slime_crystal_block":115,"minecraft:podzol":1,"tconstruct:sky_slime_tall_grass":4,"minecraft:flowering_azalea":14,"alexscaves:cooked_dinosaur_chop":1,"minecraft:basalt":64,"minecraft:spruce_door":1,"minecraft:oak_fence":4,"minecraft:crafting_table":41,"tconstruct:scorched_faucet":1,"minecraft:light_gray_wall_banner":13,"tconstruct:seared_basin":5,"minecraft:rose_bush":28,"farmersdelight:onion_crate":1,"minecraft:stone_slab":3,"minecraft:lapis_ore":7,"minecraft:lily_pad":2,"minecraft:spruce_stairs":2,"alexscaves:ping_pong_sponge":4,"minecraft:birch_planks":70,"minecraft:sea_pickle":4,"minecraft:polished_blackstone_stairs":6,"minecraft:ice":10,"alexscaves:drain":1,"minecraft:yellow_bed":2,"minecraft:coal_ore":116,"minecraft:lodestone":1,"minecraft:cracked_stone_bricks":40,"minecraft:small_dripleaf":2,"minecraft:mossy_stone_bricks":7},"minecraft:killed_by":{"minecraft:player":1},"minecraft:crafted":{"minecraft:smooth_stone":29,"travelersbackpack:magnet_upgrade":1,"tconstruct:fantastic_foundry":1,"minecraft:chain":47,"minecraft:birch_slab":798,"minecraft:blue_stained_glass_pane":32,"tconstruct:broad_blade":2,"tconstruct:pick_head":2,"minecraft:lever":3,"minecraft:diamond_shovel":4,"minecraft:bookshelf":60,"minecraft:cooked_mutton":75,"tconstruct:seared_melter":1,"minecraft:glass":151,"minecraft:diamond_helmet":1,"minecraft:diamond_leggings":1,"another_furniture:spruce_drawer":9,"tconstruct:broad_axe_head":1,"minecraft:birch_door":6,"tconstruct:seared_ingot_tank":4,"tconstruct:seared_casting_tank":1,"tconstruct:flint_shuriken":64,"tconstruct:tough_handle":1,"tconstruct:tough_binding":1,"minecraft:blue_stained_glass":16,"minecraft:emerald":573,"minecraft:cooked_porkchop":33,"minecraft:diamond_axe":3,"iceandfire:dragonsteel_ice_chestplate":1,"tconstruct:modifier_worktable":1,"travelersbackpack:standard":3,"tconstruct:blank_sand_cast":8,"tconstruct:scorched_brick":103,"tconstruct:tool_handle":5,"minecraft:copper_ingot":64,"waystones:warp_stone":2,"biomesoplenty:jacaranda_wood":231,"tconstruct:scorched_alloyer":1,"minecraft:painting":16,"tconstruct:slimesteel_block":3,"tconstruct:scorched_fuel_tank":1,"tconstruct:sword":2,"minecraft:stone_brick_stairs":188,"tconstruct:dagger":2,"minecraft:iron_pickaxe":1,"minecraft:iron_block":108,"minecraft:gold_ingot":342,"tconstruct:cleaver":1,"minecraft:birch_stairs":40,"tconstruct:large_plate":2,"tconstruct:scorched_bricks":17,"tconstruct:bow_limb":1,"minecraft:stone_shovel":1,"tconstruct:part_builder":1,"minecraft:iron_nugget":846,"iceandfire:dragonsteel_ice_sword":1,"minecraft:diamond_hoe":1,"minecraft:soul_torch":144,"tconstruct:repair_kit":1,"tconstruct:seared_basin":1,"minecraft:bone_meal":162,"travelersbackpack:blank_upgrade":4,"travelersbackpack:gold_tier_upgrade":1,"tconstruct:tinker_station":1,"another_furniture:spruce_chair":3,"minecraft:lantern":30,"another_furniture:cyan_lamp":3,"travelersbackpack:feeding_upgrade":1,"minecraft:spruce_slab":132,"minecraft:stone_pickaxe":3,"another_furniture:white_stool":3,"minecraft:diamond_boots":1,"minecraft:dark_oak_planks":76,"tconstruct:scorched_ingot_gauge":1,"tconstruct:bowstring":1,"minecraft:wheat":423,"alexscaves:cooked_dinosaur_chop":4,"tconstruct:nether_grout":360,"tconstruct:tinkers_anvil":1,"tconstruct:part_chest":1,"tconstruct:sky_slime":3,"minecraft:red_bed":1,"another_furniture:red_tall_stool":3,"tconstruct:hammer_head":1,"minecraft:red_carpet":15,"minecraft:enchanted_book":32,"tconstruct:scorched_table":1,"tconstruct:seared_heater":2,"another_furniture:red_sofa":3,"tconstruct:scorched_faucet":3,"minecraft:oak_fence_gate":35,"minecraft:soul_lantern":65,"tconstruct:pick_head_sand_cast":1,"minecraft:oak_stairs":76,"minecraft:wooden_axe":1,"minecraft:iron_leggings":1,"tconstruct:longbow":1,"tconstruct:grout":752,"tconstruct:cast_chest":1,"minecraft:oak_planks":1312,"tconstruct:puny_smelting":1,"tconstruct:shield_core":2,"minecraft:cooked_chicken":595,"minecraft:stone":2170,"minecraft:cobblestone_stairs":4,"tconstruct:tool_binding":2,"tconstruct:tinkers_gadgetry":1,"another_furniture:spruce_flower_box":48,"alexscaves:pewen_planks":4,"another_furniture:spruce_shelf":30,"another_furniture:red_curtain":12,"minecraft:dark_oak_door":6,"minecraft:stone_brick_slab":900,"minecraft:iron_boots":1,"tconstruct:adze_head":2,"minecraft:bow":9,"tconstruct:tinkers_chest":1,"tconstruct:seared_brick":751,"minecraft:chest":145,"tconstruct:seared_fuel_tank":1,"tconstruct:small_axe_head":1,"minecraft:stone_bricks":2172,"minecraft:oak_fence":96,"minecraft:smoker":6,"farmersdelight:tomato_seeds":18,"tconstruct:small_blade":3,"travelersbackpack:iron_tier_upgrade":1,"minecraft:arrow":128,"biomesoplenty:jacaranda_planks":12,"minecraft:crafting_table":7,"minecraft:spruce_planks":1832,"another_furniture:white_tall_stool":3,"minecraft:wooden_pickaxe":1,"minecraft:iron_helmet":1,"another_furniture:white_sofa":6,"minecraft:red_wool":32,"another_furniture:red_stool":3,"minecraft:birch_planks":860,"minecraft:pumpkin_seeds":12,"tconstruct:tool_binding_sand_cast":2,"alexscaves:extinction_spear":1,"iceandfire:dragonbone_bow":1,"tconstruct:seared_channel":15,"minecraft:iron_chestplate":1,"minecraft:paper":18,"minecraft:charcoal":864,"minecraft:diamond_pickaxe":1,"minecraft:shield":2,"tconstruct:scorched_ingot_tank":1,"minecraft:stick":172,"minecraft:iron_ingot":235,"minecraft:stone_sword":2,"tconstruct:seared_bricks":161,"minecraft:trident":3,"tconstruct:copper_gauge":2,"minecraft:shears":4,"tconstruct:pickaxe":2,"tconstruct:pattern":57,"minecraft:redstone":18,"minecraft:coal":45,"minecraft:fishing_rod":1,"tconstruct:tool_handle_sand_cast":1,"alexscaves:dinosaur_nugget":576,"minecraft:furnace":15,"minecraft:blast_furnace":2,"iceandfire:dragonsteel_ice_leggings":1,"alexscaves:cave_map":2,"minecraft:glass_pane":112,"iceandfire:dragonsteel_ice_shovel":1,"minecraft:iron_hoe":2,"tconstruct:seared_table":1,"tconstruct:copper_can":51,"tconstruct:sky_slime_ball":51,"alexscaves:ominous_catalyst":1,"iceandfire:dragonsteel_ice_pickaxe":1,"travelersbackpack:diamond_tier_upgrade":1,"another_furniture:spruce_shutter":4,"minecraft:cooked_beef":25,"minecraft:red_dye":66,"iceandfire:silver_ingot":27,"tconstruct:bow_grip":1,"iceandfire:dragon_meal":128,"tconstruct:excavator":1,"minecraft:iron_sword":1,"waystones:sharestone":2,"tconstruct:seared_fluid_cannon":1,"minecraft:bucket":49,"minecraft:stone_axe":1,"tconstruct:seared_drain":1,"tconstruct:pickadze":1,"tconstruct:sky_congealed_slime":3,"minecraft:air":0,"minecraft:bread":226,"minecraft:jungle_planks":8,"minecraft:blue_dye":4,"another_furniture:spruce_table":21,"tconstruct:seared_ingot_gauge":2,"minecraft:white_wool":64,"alexscaves:limestone_spear":24,"tconstruct:seared_faucet":3,"minecraft:stonecutter":1,"iceandfire:dragonsteel_ice_axe":1,"minecraft:torch":472,"minecraft:clay":384,"minecraft:diamond_chestplate":2,"tconstruct:sledge_hammer":1},"minecraft:picked_up":{"minecraft:birch_door":5,"minecraft:iron_chestplate":4,"alexscaves:waste_drum":1,"alexscaves:tough_hide":68,"minecraft:chainmail_boots":1,"minecraft:prismarine_shard":29,"minecraft:creeper_head":1,"minecraft:anvil":1,"alexscaves:ink_bomb":5,"minecraft:smithing_table":2,"minecraft:lead":16,"minecraft:stone_slab":6,"minecraft:diamond_sword":3,"alexscaves:unrefined_waste":1,"minecraft:oak_stairs":24,"minecraft:wither_rose":3,"minecraft:enchanted_book":16,"tconstruct:hammer_head_cast":1,"alexscaves:smooth_limestone":2,"minecraft:golden_sword":3,"biomesoplenty:rainbow_birch_sapling":125,"iceandfire:manuscript":41,"tconstruct:smeltery_controller":2,"minecraft:string":209,"iceandfire:armor_copper_chestplate":1,"tconstruct:earth_slime_dirt":95,"minecraft:soul_soil":76,"alexscaves:rusty_barrel":9,"travelersbackpack:creeper":2,"tconstruct:scorched_alloyer":2,"minecraft:beetroot":11,"another_furniture:white_tall_stool":2,"tconstruct:ingot_cast":3,"minecraft:diamond_leggings":2,"minecraft:gold_nugget":2342,"minecraft:cobbled_deepslate":976,"minecraft:spruce_planks":17,"minecraft:netherite_upgrade_smithing_template":1,"minecraft:enchanted_golden_apple":1,"minecraft:melon_slice":44,"minecraft:coal_block":1,"minecraft:crimson_sign":1,"iceandfire:ghost_sword":2,"minecraft:dark_oak_door":2,"minecraft:golden_helmet":5,"minecraft:polished_blackstone_stairs":5,"minecraft:big_dripleaf":16,"tconstruct:earth_congealed_slime":78,"alexscaves:ominous_catalyst":2,"iceandfire:lightning_dragon_flesh":1,"minecraft:golden_axe":2,"minecraft:lightning_rod":5,"tconstruct:seared_faucet":19,"another_furniture:spruce_chair":9,"minecraft:golden_chestplate":6,"minecraft:green_terracotta":51,"minecraft:cauldron":1,"tconstruct:small_blade":1,"betterarcheology:guardian_fossil":3,"minecraft:orange_bed":1,"iceandfire:lightning_lily":1,"tconstruct:sky_slime_crystal":4,"minecraft:stone_sword":3,"crittersandcompanions:dragonfly_wing":1,"biomesoplenty:rose_quartz_chunk":6,"tconstruct:large_plate_cast":1,"farmersdelight:onion":29,"minecraft:iron_block":8,"minecraft:glowstone":4,"farmersdelight:rope":46,"alexscaves:primitive_club":2,"alexscaves:midnight_anemone":2,"minecraft:iron_bars":75,"minecraft:snowball":50,"iceandfire:sapphire_gem":7,"minecraft:oxidized_copper":1,"minecraft:birch_log":215,"minecraft:iron_door":1,"minecraft:magma_block":114,"minecraft:feather":45,"minecraft:cooked_beef":3,"farmersdelight:rice":7,"another_furniture:jungle_chair":5,"biomesoplenty:dried_salt":252,"minecraft:birch_slab":112,"minecraft:jungle_log":1261,"minecraft:brown_wool":1,"biomesoplenty:dead_log":1,"tconstruct:pick_head":1,"minecraft:flint":96,"alexscaves:ping_pong_sponge":4,"farmersdelight:tomato":41,"minecraft:lantern":22,"tconstruct:ichor_slime_dirt":3,"minecraft:chipped_anvil":5,"alexscaves:cooked_trilocaris_tail":1,"minecraft:stonecutter":2,"alexscaves:extinction_spear":1,"tconstruct:seared_table":5,"tconstruct:blank_sand_cast":5,"minecraft:diamond_helmet":3,"minecraft:glowstone_dust":125,"iceandfire:dragon_meal":54,"minecraft:moss_block":28,"tconstruct:sky_slime_sapling":2,"alexscaves:rusty_scrap_metal_plate":4,"another_furniture:spruce_table":18,"alexscaves:amber_curiosity":8,"minecraft:lime_terracotta":60,"iceandfire:shiny_scales":13,"minecraft:ink_sac":3,"minecraft:dark_oak_log":175,"minecraft:barrel":15,"iceandfire:chared_cobblestone":22,"minecraft:lever":11,"minecraft:granite":4,"minecraft:chainmail_helmet":1,"minecraft:crimson_roots":6,"iceandfire:raw_silver":30,"minecraft:diamond_pickaxe":2,"iceandfire:armor_copper_leggings":1,"minecraft:crafting_table":41,"minecraft:coarse_dirt":35,"alexscaves:primal_magma":231,"minecraft:redstone_lamp":1,"iceandfire:witherbone":8,"minecraft:clay_ball":1504,"minecraft:golden_pickaxe":1,"minecraft:leather_leggings":4,"iceandfire:dragonbone_arrow":8,"tconstruct:materials_and_you":2,"biomesoplenty:jacaranda_sapling":475,"alexscaves:fiddlehead":1,"minecraft:red_bed":3,"tconstruct:repair_kit":1,"tconstruct:broad_blade_cast":1,"tconstruct:copper_can":51,"minecraft:glass_pane":14,"alexscaves:scrap_metal":9,"iceandfire:graveyard_soil":15,"minecraft:cracked_stone_bricks":40,"another_furniture:spruce_shelf":5,"minecraft:beef":52,"tconstruct:blood_ichor_slime_grass":2,"iceandfire:dread_shard":3,"alexscaves:marine_snow":13,"minecraft:jungle_sapling":111,"minecraft:iron_nugget":52,"minecraft:poppy":3,"minecraft:spruce_slab":3,"alexscaves:amber_monolith":1,"minecraft:chest":79,"globalxp:xp_block":6,"tconstruct:battlesign":1,"minecraft:egg":9,"tconstruct:modifier_worktable":3,"minecraft:sandstone":6,"tconstruct:scorched_faucet":3,"iceandfire:dragonsteel_ice_shovel":1,"minecraft:stone":25,"alexscaves:cycad":52,"another_furniture:red_curtain":15,"travelersbackpack:cactus":1,"minecraft:spruce_fence":2,"minecraft:fire_charge":1,"tconstruct:sky_slime_dirt":17,"alexscaves:primordial_helmet":1,"farmersdelight:tomato_seeds":29,"iceandfire:armor_copper_metal_boots":2,"minecraft:carrot":176,"etched:album_jukebox":2,"minecraft:redstone":520,"minecraft:prismarine_crystals":23,"iceandfire:dragonegg_electric":1,"tconstruct:sky_slime_ball":198,"minecraft:stone_shovel":1,"minecraft:diamond_chestplate":2,"biomesoplenty:jacaranda_log":1005,"tconstruct:ichor_congealed_slime":19,"minecraft:beetroot_seeds":40,"minecraft:peony":32,"minecraft:diamond_boots":3,"minecraft:hay_block":53,"minecraft:gold_ingot":114,"etched:etching_table":1,"tconstruct:part_chest":1,"minecraft:glow_berries":42,"minecraft:mutton":84,"minecraft:white_wool":34,"minecraft:rail":41,"minecraft:bone_block":81,"alexscaves:pewen_log":48,"minecraft:mud_bricks":2,"iceandfire:sea_serpent_fang":2,"minecraft:red_mushroom":1,"minecraft:filled_map":1,"tconstruct:seared_fuel_tank":3,"minecraft:packed_mud":53,"alexscaves:depth_glass":3,"minecraft:oak_log":642,"minecraft:ancient_debris":2,"tconstruct:tool_handle":1,"minecraft:golden_boots":5,"iceandfire:armor_copper_metal_helmet":2,"alexscaves:charred_remnant":1,"farmersdelight:skillet":1,"alexscaves:ambersol":5,"tconstruct:sky_slime_crystal_block":113,"minecraft:paper":73,"alexscaves:pewen_sapling":17,"tconstruct:seared_brick":11,"farmersdelight:organic_compost":15,"alexscaves:cooked_dinosaur_chop":111,"minecraft:apple":47,"tconstruct:seared_heater":3,"minecraft:stone_bricks":229,"minecraft:kelp":7,"minecraft:yellow_stained_glass":23,"minecraft:spore_blossom":1,"alexscaves:green_soylent":1,"minecraft:stone_pickaxe":4,"minecraft:cobweb":25,"iceandfire:armor_copper_boots":1,"minecraft:iron_sword":5,"minecraft:flowering_azalea":14,"minecraft:dark_oak_stairs":1,"iceandfire:chared_stone":24,"iceandfire:copper_nugget":177,"tconstruct:scorched_fuel_tank":2,"minecraft:smooth_basalt":4,"minecraft:gravel":1020,"minecraft:birch_stairs":59,"tconstruct:repair_kit_cast":1,"minecraft:spruce_sapling":285,"minecraft:spruce_log":2677,"biomesoplenty:jacaranda_leaves":947,"minecraft:crying_obsidian":10,"minecraft:leather_helmet":3,"tconstruct:bow_limb_cast":1,"travelersbackpack:standard":1,"minecraft:diamond_shovel":2,"iceandfire:armor_copper_helmet":1,"alexscaves:pearl":47,"alexscaves:smooth_limestone_stairs":1,"minecraft:slime_ball":48,"alexscaves:mussel":59,"minecraft:stone_axe":1,"iceandfire:cockatrice_skull":1,"alexscaves:pine_nuts":41,"minecraft:diamond_axe":1,"minecraft:painting":90,"alexscaves:rusty_scaffolding":3,"tconstruct:seared_melter":9,"minecraft:gray_wool":2,"alexscaves:cave_map":2,"minecraft:lodestone":1,"minecraft:baked_potato":1,"minecraft:melon_seeds":14,"minecraft:ender_pearl":15,"tconstruct:tough_handle_cast":1,"minecraft:wheat":242,"minecraft:iron_trapdoor":2,"minecraft:redstone_block":2,"iceandfire:armor_copper_metal_chestplate":2,"alexscaves:cave_tablet":36,"minecraft:gilded_blackstone":12,"minecraft:nether_brick":23,"minecraft:stone_brick_stairs":81,"alexscaves:bioluminesscence":2,"tconstruct:mighty_smelting":2,"tconstruct:broad_axe_head_cast":1,"minecraft:raw_copper":220,"minecraft:iron_leggings":8,"minecraft:experience_bottle":4,"alexscaves:game_controller":1,"alexscaves:magnetic_activator":1,"tconstruct:ichor_slime_crystal_block":62,"biomesoplenty:brimstone":10,"minecraft:sea_pickle":12,"minecraft:activator_rail":12,"minecraft:smooth_stone":35,"farmersdelight:cabbage":17,"minecraft:bucket":18,"alexscaves:guardian_pottery_sherd":6,"minecraft:rose_bush":54,"betterarcheology:villager_fossil":4,"minecraft:cobblestone_slab":3,"minecraft:calcite":66,"minecraft:azalea":12,"minecraft:iron_pickaxe":2,"alexscaves:flytrap":3,"farmersdelight:cabbage_seeds":86,"minecraft:iron_boots":3,"minecraft:furnace":22,"alexscaves:diving_helmet":1,"minecraft:stick":895,"iceandfire:ghost_chest":1,"alexscaves:limestone_spear":15,"alexscaves:heavy_bone":32,"farmersdelight:rotten_tomato":1,"iceandfire:armor_copper_metal_leggings":6,"minecraft:oak_fence":4,"minecraft:torch":369,"biomesoplenty:umbran_planks":10,"minecraft:spruce_stairs":2,"waystones:white_sharestone":3,"tconstruct:scorched_brick":66,"minecraft:porkchop":38,"iceandfire:crackled_gravel":5,"tconstruct:flint_shuriken":10,"minecraft:light_gray_banner":12,"alexscaves:diving_boots":2,"another_furniture:white_stool":4,"alexscaves:pewen_fence":1,"minecraft:rotten_flesh":255,"minecraft:music_disc_ward":1,"minecraft:obsidian":57,"minecraft:cobblestone":3653,"minecraft:enchanting_table":2,"minecraft:nautilus_shell":1,"tconstruct:seared_bricks":24,"tconstruct:tough_binding_cast":1,"minecraft:leather_chestplate":4,"farmersdelight:onion_crate":1,"minecraft:magma_cream":26,"tconstruct:seared_fluid_cannon":1,"minecraft:golden_leggings":2,"minecraft:potato":7,"alexscaves:cave_book":1,"minecraft:tuff":123,"etched:music_label":2,"alexscaves:lanternfish":5,"minecraft:lapis_lazuli":56,"minecraft:dirt":9035,"minecraft:name_tag":1,"minecraft:leather_boots":3,"minecraft:glass":48,"alexscaves:muck":27,"minecraft:bone":328,"minecraft:bow":15,"minecraft:wheat_seeds":699,"tconstruct:pick_head_cast":1,"minecraft:raw_gold":43,"minecraft:grindstone":3,"tconstruct:sky_congealed_slime":3,"minecraft:mossy_stone_bricks":7,"alexscaves:diving_leggings":1,"minecraft:powered_rail":8,"minecraft:oak_planks":407,"tconstruct:adze_head_cast":1,"tconstruct:necrotic_bone":1,"minecraft:music_disc_13":1,"alexscaves:abyssmarine":3,"alexscaves:uranium":99,"minecraft:sand":2206,"minecraft:grass_block":1,"farmersdelight:ham":5,"minecraft:mossy_cobblestone":10,"minecraft:dark_prismarine":1,"tconstruct:small_axe_head_cast":1,"alexscaves:diving_chestplate":3,"tconstruct:seared_basin":5,"tconstruct:seared_ingot_tank":4,"minecraft:diamond":64,"minecraft:slime_block":2,"minecraft:soul_lantern":37,"waystones:waystone":2,"iceandfire:silver_nugget":250,"minecraft:cracked_polished_blackstone_bricks":48,"minecraft:crossbow":1,"alexscaves:smooth_limestone_slab":2,"alexscaves:hero_pottery_sherd":3,"minecraft:golden_apple":3,"tconstruct:tinkers_chest":1,"minecraft:emerald":224,"minecraft:fishing_rod":1,"minecraft:piglin_banner_pattern":2,"minecraft:oak_sapling":310,"minecraft:netherrack":197,"alexscaves:sea_pig":1,"biomesoplenty:stripped_jacaranda_log":3,"minecraft:lingering_potion":1,"minecraft:charcoal":263,"minecraft:allium":13,"minecraft:chicken":24,"tconstruct:seared_channel":3,"minecraft:chest_minecart":9,"tconstruct:skyroot_log":4,"minecraft:stone_brick_wall":3,"minecraft:gold_block":4,"iceandfire:frozen_cobblestone":5,"alexscaves:flood_basalt":7,"minecraft:chain":77,"alexscaves:tectonic_shard":16,"minecraft:shield":2,"alexscaves:dinosaur_nugget":34,"tconstruct:zombified_piglin_head":4,"iceandfire:frozen_stone":5,"alexscaves:cave_codex":10,"minecraft:moss_carpet":9,"tconstruct:scorched_table":2,"alexscaves:dinosaur_chop":13,"minecraft:blackstone":211,"minecraft:candle":3,"minecraft:detector_rail":4,"tconstruct:dagger":1,"biomesoplenty:wildflower":61,"minecraft:sugar_cane":26,"farmersdelight:golden_knife":2,"biomesoplenty:jacaranda_wood":28,"crittersandcompanions:clam":1,"minecraft:phantom_membrane":9,"minecraft:dark_oak_sapling":47,"minecraft:raw_iron":166,"tconstruct:raw_cobalt":2,"minecraft:copper_ingot":101,"another_furniture:spruce_shutter":8,"minecraft:bowl":6,"minecraft:note_block":1,"tconstruct:earth_slime_grass_seeds":3,"biomesoplenty:wilted_lily":2,"minecraft:polished_blackstone_bricks":62,"another_furniture:spruce_flower_box":2,"tconstruct:small_blade_cast":1,"alexscaves:tripodfish":1,"minecraft:dark_oak_planks":5,"travelersbackpack:sponge":1,"tconstruct:tool_binding_cast":1,"iceandfire:silver_ingot":4,"minecraft:arrow":413,"minecraft:weeping_vines":22,"tconstruct:seared_casting_tank":3,"minecraft:nether_bricks":75,"alexscaves:pewen_wood":4,"tconstruct:tinker_station":1,"crittersandcompanions:silk":7,"alexscaves:spelunkery_table":9,"tconstruct:blood_slime_fern":1,"minecraft:glistering_melon_slice":17,"alexscaves:abyssmarine_brick_stairs":1,"minecraft:nether_brick_wall":4,"minecraft:skeleton_skull":7,"minecraft:lime_stained_glass":5,"crittersandcompanions:dumbo_octopus_bucket":1,"farmersdelight:rich_soil":35,"minecraft:basalt":64,"minecraft:golden_carrot":1,"minecraft:glow_ink_sac":8,"minecraft:salmon":5,"tconstruct:part_builder":1,"minecraft:leather":43,"minecraft:birch_planks":70,"alexscaves:limestone":93,"tconstruct:copper_gauge":3,"minecraft:chainmail_chestplate":1,"alexscaves:drain":1,"minecraft:yellow_bed":2,"minecraft:cobbled_deepslate_stairs":3,"minecraft:gunpowder":158,"minecraft:cobblestone_stairs":9,"alexscaves:pewen_planks":4,"alexscaves:amber":117,"tconstruct:sky_sky_slime_grass":3,"tconstruct:fantastic_foundry":1,"minecraft:red_carpet":10,"iceandfire:dragon_stick":1,"tconstruct:sky_slime_grass_seeds":7,"minecraft:iron_ingot":177,"alexscaves:radrock":13,"minecraft:cooked_chicken":14,"alexscaves:curly_fern":27,"iceandfire:sea_serpent_scales_deepblue":10,"minecraft:oxidized_cut_copper":2,"tconstruct:bow_grip_cast":1,"minecraft:soul_sand":55,"minecraft:book":283,"minecraft:oak_slab":3,"iceandfire:dragon_horn":2,"alexscaves:pewen_door":2,"minecraft:pumpkin":17,"minecraft:chiseled_stone_bricks":11,"minecraft:stone_brick_slab":222,"alexscaves:fissile_core":1,"iceandfire:ash":2,"minecraft:quartz":86,"minecraft:dandelion":1,"minecraft:lava_bucket":3,"alexscaves:tree_star":9,"minecraft:amethyst_shard":15,"minecraft:green_stained_glass":100,"tconstruct:large_plate":1,"minecraft:spider_eye":18,"minecraft:spruce_door":1,"tconstruct:scorched_ingot_tank":7,"minecraft:pumpkin_seeds":29,"minecraft:chainmail_leggings":3,"minecraft:iron_helmet":4,"tconstruct:earth_sky_slime_grass":16,"tconstruct:tool_handle_cast":1,"alexscaves:sea_glass_shards":1,"minecraft:damaged_anvil":1,"tconstruct:pattern":24,"minecraft:black_wool":2,"alexscaves:footprint_pottery_sherd":1,"minecraft:dark_oak_wood":5,"iceandfire:chared_gravel":1,"minecraft:coal":282},"minecraft:custom":{"minecraft:interact_with_crafting_table":274,"minecraft:open_barrel":78,"minecraft:leave_game":17,"minecraft:time_since_death":1085523,"minecraft:damage_blocked_by_shield":5985,"minecraft:play_time":2443528,"minecraft:deaths":8,"minecraft:jump":23940,"minecraft:enchant_item":1,"minecraft:interact_with_furnace":343,"minecraft:traded_with_villager":602,"minecraft:sleep_in_bed":43,"minecraft:damage_dealt":95561,"waystones:waystone_activated":5,"minecraft:interact_with_smoker":36,"minecraft:interact_with_smithing_table":4,"minecraft:interact_with_anvil":65,"minecraft:inspect_hopper":1,"minecraft:damage_dealt_absorbed":708,"minecraft:sneak_time":56294,"minecraft:interact_with_blast_furnace":14,"minecraft:total_world_time":2443528,"minecraft:tune_noteblock":6,"minecraft:interact_with_stonecutter":9,"minecraft:time_since_rest":14470,"minecraft:swim_one_cm":726429,"minecraft:fly_one_cm":5472425,"minecraft:open_chest":1866,"minecraft:fall_one_cm":464773,"minecraft:sprint_one_cm":4580218,"minecraft:drop":223,"minecraft:play_noteblock":2,"minecraft:talked_to_villager":46,"minecraft:walk_on_water_one_cm":332850,"minecraft:interact_with_loom":22,"minecraft:crouch_one_cm":174123,"minecraft:mob_kills":708,"minecraft:damage_dealt_resisted":61,"minecraft:climb_one_cm":21376,"minecraft:walk_one_cm":8525128,"minecraft:walk_under_water_one_cm":763427,"minecraft:interact_with_grindstone":3,"minecraft:damage_taken":2147483647,"minecraft:trigger_trapped_chest":9},"minecraft:broken":{"minecraft:diamond_helmet":1,"minecraft:shears":4,"minecraft:diamond_shovel":5,"minecraft:iron_hoe":1,"minecraft:stone_sword":2,"minecraft:diamond_leggings":1,"minecraft:wooden_pickaxe":1,"minecraft:shield":1,"minecraft:iron_pickaxe":3,"minecraft:stone_pickaxe":2,"minecraft:diamond_boots":1,"minecraft:wooden_axe":1,"minecraft:stone_shovel":1,"minecraft:diamond_chestplate":1,"minecraft:diamond_axe":2}},"DataVersion":3465}